last_name, first_name,player_id,year,pa,bip,ba,est_ba,est_ba_minus_ba_diff,slg,est_slg,est_slg_minus_slg_diff,woba,est_woba,est_woba_minus_woba_diff
Keuchel, Dallas,572971,2018,874,661,.263,.252,.011,.393,.366,.027,.306,.295,.011
Shields, James,448306,2018,871,630,.245,.266,-.021,.435,.469,-.034,.326,.351,-.025
Scherzer, Max,453286,2018,866,503,.188,.187,.001,.332,.319,.013,.252,.249,.003
Freeland, Kyle,607536,2018,844,595,.240,.242,-.002,.358,.374,-.016,.292,.299,-.007
Kluber, Corey,446372,2018,842,582,.224,.236,-.012,.368,.377,-.009,.270,.281,-.011
Greinke, Zack,425844,2018,839,591,.231,.246,-.015,.390,.408,-.018,.286,.303,-.017
deGrom, Jacob,594798,2018,835,515,.196,.201,-.005,.277,.291,-.014,.230,.243,-.013
Verlander, Justin,434378,2018,833,498,.200,.190,.010,.360,.315,.045,.260,.241,.019
Nola, Aaron,605400,2018,831,542,.197,.208,-.011,.311,.322,-.011,.251,.263,-.012
Gibson, Kyle,502043,2018,826,564,.241,.250,-.009,.385,.390,-.005,.306,.316,-.010
Marquez, German,608566,2018,817,520,.241,.224,.017,.398,.355,.043,.300,.281,.019
Hendricks, Kyle,543294,2018,812,598,.247,.243,.004,.391,.388,.003,.295,.297,-.002
Clevinger, Mike,605182,2018,810,531,.223,.219,.004,.365,.358,.007,.288,.285,.003
Mikolas, Miles,571945,2018,808,626,.245,.248,-.003,.350,.380,-.030,.271,.286,-.015
Porcello, Rick,519144,2018,808,554,.241,.245,-.004,.399,.404,-.005,.303,.311,-.008
Hamels, Cole,430935,2018,806,532,.246,.265,-.019,.422,.433,-.011,.325,.339,-.014
Corbin, Patrick,571578,2018,800,501,.218,.233,-.015,.337,.364,-.027,.265,.282,-.017
Lopez, Reynaldo,625643,2018,799,563,.234,.257,-.023,.400,.437,-.037,.310,.336,-.026
Cole, Gerrit,543037,2018,799,452,.198,.199,-.001,.332,.338,-.006,.265,.272,-.007
Berrios, Jose,621244,2018,797,521,.222,.224,-.002,.372,.364,.008,.292,.292,.000
Chacin, Jhoulys,468504,2018,796,558,.220,.252,-.032,.357,.405,-.048,.287,.322,-.035
Godley, Zack,643327,2018,791,513,.260,.257,.003,.389,.404,-.015,.322,.333,-.011
Taillon, Jameson,592791,2018,785,554,.246,.244,.002,.385,.376,.009,.294,.292,.002
Leake, Mike,502190,2018,784,624,.280,.298,-.018,.447,.472,-.025,.326,.347,-.021
Carrasco, Carlos,471911,2018,784,504,.238,.228,.010,.384,.367,.017,.288,.280,.008
Severino, Luis,622663,2018,780,509,.238,.241,-.003,.379,.393,-.014,.290,.298,-.008
Gausman, Kevin,592332,2018,776,571,.264,.279,-.015,.436,.455,-.019,.325,.339,-.014
Giolito, Lucas,608337,2018,775,545,.250,.260,-.010,.444,.437,.007,.345,.350,-.005
Lester, Jon,452657,2018,761,542,.256,.267,-.011,.410,.447,-.037,.319,.340,-.021
Roark, Tanner,543699,2018,760,554,.262,.257,.005,.422,.419,.003,.319,.318,.001
Junis, Jakob,596001,2018,758,536,.265,.256,.009,.455,.442,.013,.331,.330,.001
Bundy, Dylan,605164,2018,750,506,.274,.246,.028,.523,.443,.080,.363,.325,.038
Heaney, Andrew,571760,2018,749,516,.248,.246,.002,.419,.404,.015,.310,.309,.001
Gonzalez, Gio,461829,2018,746,516,.256,.253,.003,.399,.409,-.010,.320,.326,-.006
Wheeler, Zack,554430,2018,744,501,.225,.222,.003,.320,.337,-.017,.273,.278,-.005
Foltynewicz, Mike,592314,2018,744,467,.195,.205,-.010,.324,.334,-.010,.265,.275,-.010
Gray, Jon,592351,2018,743,501,.266,.249,.017,.451,.393,.058,.332,.307,.025
Quintana, Jose,500779,2018,739,510,.246,.254,-.008,.418,.419,-.001,.319,.324,-.005
Anderson, Tyler,542881,2018,736,511,.248,.237,.011,.448,.382,.066,.324,.301,.023
Happ, J.A.,457918,2018,733,479,.225,.234,-.009,.389,.406,-.017,.295,.306,-.011
Holland, Derek,502706,2018,727,487,.241,.242,-.001,.405,.404,.001,.309,.313,-.004
Teheran, Julio,527054,2018,724,469,.196,.231,-.035,.374,.407,-.033,.295,.322,-.027
Arrieta, Jake,453562,2018,724,520,.254,.252,.002,.407,.395,.012,.315,.312,.003
Price, David,456034,2018,722,485,.230,.244,-.014,.399,.413,-.014,.300,.314,-.014
Bauer, Trevor,545333,2018,717,430,.208,.204,.004,.302,.313,-.011,.260,.264,-.004
Fiers, Mike,571666,2018,714,530,.249,.257,-.008,.450,.480,-.030,.319,.336,-.017
Urena, Jose,570632,2018,712,519,.242,.248,-.006,.381,.391,-.010,.298,.308,-.010
Odorizzi, Jake,543606,2018,711,471,.242,.252,-.010,.419,.439,-.020,.322,.338,-.016
Boyd, Matthew,571510,2018,709,488,.228,.215,.013,.410,.377,.033,.305,.289,.016
Castillo, Luis,622491,2018,708,489,.245,.248,-.003,.431,.429,.002,.314,.320,-.006
Williams, Trevor,592866,2018,701,516,.231,.250,-.019,.364,.398,-.034,.287,.310,-.023
Lynn, Lance,458681,2018,700,457,.265,.249,.016,.394,.370,.024,.327,.315,.012
Snell, Blake,605483,2018,700,414,.178,.203,-.025,.300,.340,-.040,.246,.273,-.027
Newcomb, Sean,656794,2018,696,454,.226,.227,-.001,.362,.355,.007,.301,.301,.000
Morton, Charlie,450203,2018,695,413,.213,.208,.005,.356,.327,.029,.293,.284,.009
Pivetta, Nick,601713,2018,694,449,.261,.232,.029,.423,.383,.040,.322,.297,.025
Duffy, Danny,518633,2018,692,477,.264,.265,-.001,.426,.450,-.024,.333,.345,-.012
Gonzales, Marco,594835,2018,686,503,.267,.268,-.001,.414,.410,.004,.311,.313,-.002
Hernandez, Felix,433587,2018,685,488,.262,.273,-.011,.460,.468,-.008,.344,.356,-.012
Nova, Ivan,467100,2018,683,530,.268,.273,-.005,.459,.468,-.009,.327,.335,-.008
Richard, Clayton,453385,2018,682,504,.263,.277,-.014,.432,.445,-.013,.334,.347,-.013
Cashner, Andrew,488768,2018,681,514,.291,.287,.004,.496,.471,.025,.366,.358,.008
Suarez, Andrew,605498,2018,665,487,.269,.268,.001,.447,.451,-.004,.329,.335,-.006
Sabathia, CC,282332,2018,665,463,.250,.230,.020,.397,.362,.035,.313,.295,.018
Harvey, Matt,518774,2018,663,489,.271,.252,.019,.466,.437,.029,.334,.320,.014
LeBlanc, Wade,453281,2018,662,489,.246,.255,-.009,.419,.438,-.019,.306,.320,-.014
Cobb, Alex,502171,2018,661,512,.284,.279,.005,.482,.460,.022,.345,.339,.006
Manaea, Sean,640455,2018,654,506,.232,.268,-.036,.385,.454,-.069,.287,.329,-.042
Matz, Steven,571927,2018,654,434,.232,.228,.004,.419,.379,.040,.317,.302,.015
Kershaw, Clayton,477132,2018,650,462,.227,.241,-.014,.366,.370,-.004,.272,.283,-.011
Paxton, James,572020,2018,645,394,.224,.230,-.006,.386,.391,-.005,.287,.292,-.005
Syndergaard, Noah,592789,2018,644,443,.250,.231,.019,.348,.315,.033,.286,.268,.018
Romano, Sal,607219,2018,644,482,.267,.272,-.005,.453,.455,-.002,.334,.339,-.005
Anderson, Chase,502624,2018,644,452,.228,.247,-.019,.426,.437,-.011,.317,.330,-.013
Minor, Mike,501985,2018,640,462,.235,.245,-.010,.445,.450,-.005,.312,.320,-.008
Archer, Chris,502042,2018,638,421,.268,.249,.019,.437,.412,.025,.330,.315,.015
Wood, Alex,622072,2018,637,454,.247,.245,.002,.363,.371,-.008,.288,.293,-.005
Tanaka, Masahiro,547888,2018,635,434,.240,.246,-.006,.422,.408,.014,.307,.306,.001
Ross, Tyson,475115,2018,634,443,.237,.254,-.017,.394,.404,-.010,.309,.326,-.017
Velasquez, Vince,592826,2018,630,402,.250,.227,.023,.418,.352,.066,.325,.296,.029
Colon, Bartolo,112526,2018,628,519,.291,.305,-.014,.547,.530,.017,.362,.365,-.003
Yarbrough, Ryan,642232,2018,628,442,.246,.253,-.007,.414,.407,.007,.314,.316,-.002
Estrada, Marco,462136,2018,627,471,.274,.250,.024,.521,.460,.061,.360,.335,.025
Stratton, Chris,608717,2018,625,457,.273,.289,-.016,.455,.478,-.023,.339,.357,-.018
Sale, Chris,519242,2018,617,332,.181,.174,.007,.288,.292,-.004,.237,.238,-.001
Flaherty, Jack,656427,2018,615,363,.199,.205,-.006,.345,.325,.020,.281,.279,.002
Guerra, Junior,448855,2018,611,415,.264,.245,.019,.434,.397,.037,.333,.314,.019
Weaver, Luke,596133,2018,609,431,.277,.265,.012,.441,.431,.010,.340,.334,.006
Liriano, Francisco,434538,2018,586,398,.252,.266,-.014,.421,.442,-.021,.337,.355,-.018
Keller, Brad,641745,2018,583,435,.252,.254,-.002,.335,.361,-.026,.290,.304,-.014
Hammel, Jason,434628,2018,583,448,.315,.302,.013,.505,.511,-.006,.368,.366,.002
Gray, Sonny,543243,2018,582,394,.270,.252,.018,.419,.383,.036,.336,.321,.015
Chen, Wei-Yin,612672,2018,572,412,.256,.229,.027,.432,.376,.056,.318,.290,.028
Fulmer, Michael,605242,2018,558,397,.254,.265,-.011,.437,.435,.002,.327,.333,-.006
Zimmermann, Jordan,519455,2018,556,417,.269,.258,.011,.497,.471,.026,.338,.328,.010
Rodriguez, Eduardo,593958,2018,553,358,.238,.231,.007,.377,.388,-.011,.298,.300,-.002
Sanchez, Anibal,434671,2018,553,372,.213,.212,.001,.354,.343,.011,.277,.274,.003
Bumgarner, Madison,518516,2018,551,394,.238,.249,-.011,.390,.427,-.037,.300,.321,-.021
Gaviglio, Sam,543208,2018,548,401,.281,.276,.005,.470,.444,.026,.344,.335,.009
Eflin, Zach,621107,2018,548,385,.261,.241,.020,.433,.388,.045,.318,.296,.022
Lucchesi, Joey,664192,2018,548,355,.254,.243,.011,.450,.430,.020,.328,.319,.009
Hill, Rich,448179,2018,547,348,.219,.232,-.013,.400,.410,-.010,.297,.307,-.010
Richards, Trevor,670950,2018,547,358,.253,.248,.005,.422,.410,.012,.324,.321,.003
Strasburg, Stephen,544931,2018,544,342,.240,.233,.007,.409,.401,.008,.306,.306,.000
Buehler, Walker,621111,2018,541,347,.193,.206,-.013,.300,.311,-.011,.247,.259,-.012
Covey, Dylan,592229,2018,541,397,.269,.266,.003,.394,.416,-.022,.320,.329,-.009
Barria, Jaime,642545,2018,537,385,.242,.249,-.007,.402,.429,-.027,.315,.328,-.013
Montgomery, Mike,543557,2018,534,402,.272,.277,-.005,.391,.409,-.018,.315,.325,-.010
Skaggs, Tyler,572140,2018,533,359,.262,.245,.017,.413,.388,.025,.320,.305,.015
Maeda, Kenta,628317,2018,532,331,.240,.224,.016,.399,.362,.037,.304,.286,.018
McCullers Jr., Lance,621121,2018,527,328,.215,.222,-.007,.355,.363,-.008,.289,.300,-.011
Ray, Robbie,592662,2018,526,286,.216,.216,.000,.379,.359,.020,.312,.305,.007
Martinez, Carlos,593372,2018,521,333,.228,.222,.006,.314,.335,-.021,.292,.300,-.008
Bettis, Chad,518452,2018,518,386,.265,.269,-.004,.454,.448,.006,.339,.344,-.005
Kennedy, Ian,453178,2018,518,372,.265,.261,.004,.456,.485,-.029,.334,.342,-.008
Straily, Dan,573185,2018,518,360,.237,.263,-.026,.431,.470,-.039,.324,.350,-.026
Blach, Ty,621389,2018,512,395,.289,.286,.003,.399,.419,-.020,.325,.332,-.007
Rodon, Carlos,607074,2018,511,353,.220,.228,-.008,.376,.373,.003,.309,.314,-.005
Mahle, Tyler,641816,2018,507,340,.283,.265,.018,.486,.435,.051,.360,.336,.024
Lauer, Eric,641778,2018,504,352,.285,.266,.019,.442,.412,.030,.347,.332,.015
Stripling, Ross,548389,2018,503,344,.257,.227,.030,.431,.362,.069,.309,.270,.039
Bailey, Homer,456701,2018,494,384,.313,.301,.012,.541,.512,.029,.377,.366,.011
Gant, John,607231,2018,487,333,.216,.249,-.033,.336,.368,-.032,.286,.314,-.028
Rodriguez, Dereck,605446,2018,487,355,.223,.243,-.020,.376,.373,.003,.289,.300,-.011
Musgrove, Joe,605397,2018,486,355,.253,.237,.016,.389,.370,.019,.296,.286,.010
Chatwood, Tyler,543022,2018,486,299,.245,.253,-.008,.371,.392,-.021,.351,.363,-.012
Bieber, Shane,669456,2018,485,342,.285,.260,.025,.467,.426,.041,.336,.317,.019
DeSclafani, Anthony,543101,2018,484,344,.266,.249,.017,.479,.423,.056,.336,.311,.025
Mengden, Daniel,596043,2018,476,375,.234,.280,-.046,.420,.495,-.075,.300,.351,-.051
Sanchez, Aaron,592717,2018,474,323,.262,.271,-.009,.407,.444,-.037,.337,.354,-.017
Moore, Matt,519043,2018,471,339,.305,.290,.015,.540,.493,.047,.386,.365,.021
Glasnow, Tyler,607192,2018,468,275,.217,.216,.001,.376,.384,-.008,.302,.305,-.003
Santiago, Hector,502327,2018,460,292,.258,.228,.030,.445,.420,.025,.349,.331,.018
Eovaldi, Nathan,543135,2018,455,331,.246,.245,.001,.403,.379,.024,.293,.288,.005
Hess, David,605276,2018,454,335,.262,.245,.017,.488,.451,.037,.350,.330,.020
Cahill, Trevor,502239,2018,450,303,.227,.243,-.016,.348,.383,-.035,.289,.311,-.022
Stroman, Marcus,573186,2018,449,334,.283,.267,.016,.416,.401,.015,.330,.325,.005
Erlin, Robbie,572362,2018,439,339,.267,.254,.013,.411,.407,.004,.297,.293,.004
Johnson, Brian,598271,2018,434,308,.263,.257,.006,.443,.431,.012,.335,.329,.006
Suter, Brent,608718,2018,424,317,.258,.259,-.001,.456,.434,.022,.321,.315,.006
Gallardo, Yovani,451596,2018,422,314,.289,.288,.001,.495,.474,.021,.371,.366,.005
Borucki, Ryan,621366,2018,415,313,.256,.260,-.004,.387,.409,-.022,.305,.317,-.012
Brault, Steven,643230,2018,414,266,.244,.256,-.012,.384,.416,-.032,.332,.349,-.017
Lugo, Seth,607625,2018,410,277,.217,.228,-.011,.324,.358,-.034,.258,.278,-.020
Vargas, Jason,450306,2018,404,285,.276,.255,.021,.481,.434,.047,.351,.327,.024
Perez, Martin,527048,2018,397,307,.329,.300,.029,.527,.471,.056,.390,.364,.026
Buchholz, Clay,453329,2018,393,286,.220,.253,-.033,.353,.404,-.051,.269,.305,-.036
Senzatela, Antonio,622608,2018,391,288,.266,.258,.008,.436,.408,.028,.329,.317,.012
Pena, Felix,570240,2018,389,272,.247,.248,-.001,.392,.385,.007,.304,.303,.001
Wright, Mike,605541,2018,388,271,.299,.286,.013,.464,.432,.032,.360,.351,.009
Jackson, Edwin,429719,2018,381,274,.221,.260,-.039,.386,.449,-.063,.300,.342,-.042
Chavez, Jesse,445926,2018,377,268,.235,.242,-.007,.377,.398,-.021,.277,.290,-.013
Castro, Miguel,612434,2018,376,264,.236,.270,-.034,.368,.440,-.072,.312,.354,-.042
German, Domingo,593334,2018,375,235,.242,.223,.019,.457,.361,.096,.332,.295,.037
Kuhl, Chad,641771,2018,373,255,.275,.283,-.008,.463,.511,-.048,.345,.369,-.024
Lyles, Jordan,543475,2018,371,256,.249,.227,.022,.408,.384,.024,.308,.299,.009
Velazquez, Hector,584171,2018,370,284,.290,.284,.006,.415,.419,-.004,.334,.335,-.001
Hellickson, Jeremy,476451,2018,370,277,.230,.253,-.023,.389,.428,-.039,.294,.320,-.026
Chirinos, Yonny,630023,2018,370,265,.254,.271,-.017,.378,.425,-.047,.297,.326,-.029
Garcia, Jaime,448802,2018,369,249,.258,.259,-.001,.459,.449,.010,.349,.347,.002
Petit, Yusmeiro,433589,2018,368,274,.221,.230,-.009,.392,.412,-.020,.272,.293,-.021
Koch, Matt,571863,2018,360,282,.267,.306,-.039,.492,.592,-.100,.348,.404,-.056
Smith, Burch,572143,2018,358,237,.292,.257,.035,.497,.455,.042,.373,.350,.023
Wacha, Michael,608379,2018,355,246,.221,.279,-.058,.344,.446,-.102,.286,.350,-.064
Ramirez, Noe,598287,2018,354,222,.237,.233,.004,.435,.402,.033,.323,.311,.012
Hardy, Blaine,543278,2018,351,261,.245,.231,.014,.404,.370,.034,.300,.292,.008
Gsellman, Robert,607229,2018,345,242,.250,.237,.013,.382,.365,.017,.300,.295,.005
Pomeranz, Drew,519141,2018,344,230,.297,.273,.024,.502,.470,.032,.384,.367,.017
Fillmyer, Heath,641571,2018,344,253,.255,.270,-.015,.395,.419,-.024,.315,.330,-.015
Lorenzen, Michael,547179,2018,344,253,.258,.261,-.003,.371,.383,-.012,.311,.320,-.009
Kingham, Nick,592468,2018,342,242,.259,.254,.005,.511,.485,.026,.353,.345,.008
Andriese, Matt,542882,2018,340,235,.270,.270,.000,.492,.462,.030,.345,.336,.009
Hicks, Jordan,663855,2018,339,216,.208,.225,-.017,.257,.291,-.034,.275,.297,-.022
McCarthy, Brandon,435221,2018,339,253,.300,.269,.031,.498,.452,.046,.360,.330,.030
Miley, Wade,489119,2018,338,256,.237,.261,-.024,.327,.359,-.032,.283,.307,-.024
Mitchell, Bryan,571951,2018,337,254,.294,.290,.004,.481,.468,.013,.375,.374,.001
Flynn, Brian,543169,2018,336,251,.295,.296,-.001,.417,.458,-.041,.344,.360,-.016
Gomber, Austin,596295,2018,334,231,.277,.277,.000,.432,.472,-.040,.338,.353,-.015
Anderson, Brett,474463,2018,333,271,.285,.281,.004,.453,.447,.006,.331,.326,.005
Biagini, Joe,607352,2018,328,245,.323,.293,.030,.529,.484,.045,.391,.364,.027
Smith, Caleb,592761,2018,326,202,.220,.230,-.010,.388,.422,-.034,.301,.320,-.019
Plutko, Adam,592644,2018,326,242,.261,.247,.014,.555,.498,.057,.364,.339,.025
Ryu, Hyun-Jin,547943,2018,324,219,.221,.228,-.007,.362,.365,-.003,.268,.273,-.005
Richards, Garrett,572070,2018,323,202,.222,.229,-.007,.382,.397,-.015,.302,.312,-.010
Peralta, Freddy,642547,2018,321,181,.178,.196,-.018,.331,.351,-.020,.278,.296,-.018
Tomlin, Josh,458708,2018,321,259,.304,.293,.011,.611,.567,.044,.396,.379,.017
Hildenberger, Trevor,657610,2018,319,221,.263,.254,.009,.477,.423,.054,.333,.313,.020
Stammen, Craig,489334,2018,317,209,.221,.220,.001,.313,.323,-.010,.253,.258,-.005
Givens, Mychal,571710,2018,317,205,.218,.218,.000,.325,.324,.001,.272,.273,-.001
Tropeano, Nick,607374,2018,316,219,.242,.262,-.020,.488,.477,.011,.342,.350,-.008
Treinen, Blake,595014,2018,315,192,.158,.203,-.045,.199,.276,-.077,.187,.237,-.050
Ottavino, Adam,493603,2018,309,154,.158,.154,.004,.238,.241,-.003,.231,.233,-.002
Farmer, Buck,571656,2018,308,209,.255,.250,.005,.399,.370,.029,.332,.321,.011
Hader, Josh,623352,2018,306,132,.132,.158,-.026,.265,.280,-.015,.219,.235,-.016
Ziegler, Brad,446899,2018,305,228,.257,.261,-.004,.391,.373,.018,.304,.306,-.002
Familia, Jeurys,544727,2018,302,189,.221,.211,.010,.303,.308,-.005,.269,.273,-.004
Hand, Brad,543272,2018,301,158,.198,.201,-.003,.359,.335,.024,.289,.283,.006
Trivino, Lou,642152,2018,299,184,.201,.227,-.026,.314,.348,-.034,.266,.290,-.024
Jeffress, Jeremy,502026,2018,299,182,.182,.219,-.037,.271,.324,-.053,.234,.270,-.036
Claudio, Alex,592222,2018,299,242,.329,.284,.045,.466,.408,.058,.352,.317,.035
Hughes, Jared,453172,2018,298,214,.212,.238,-.026,.290,.345,-.055,.251,.285,-.034
Green, Chad,643338,2018,298,188,.229,.236,-.007,.373,.416,-.043,.274,.297,-.023
Bradley, Archie,605151,2018,296,197,.229,.221,.008,.380,.374,.006,.293,.287,.006
Vazquez, Felipe,553878,2018,296,182,.232,.208,.024,.321,.310,.011,.273,.259,.014
Ramirez, Yefry,606162,2018,294,192,.257,.234,.023,.446,.391,.055,.347,.321,.026
McCarthy, Kevin,641838,2018,293,225,.259,.270,-.011,.389,.413,-.024,.304,.322,-.018
Skoglund, Eric,607215,2018,293,219,.246,.273,-.027,.470,.477,-.007,.334,.351,-.017
Pressly, Ryan,519151,2018,292,166,.216,.177,.039,.322,.281,.041,.267,.240,.027
McFarland, T.J.,519008,2018,292,228,.239,.265,-.026,.336,.376,-.040,.275,.303,-.028
Iglesias, Raisel,628452,2018,291,184,.199,.237,-.038,.372,.404,-.032,.278,.312,-.034
Pruitt, Austin,643493,2018,291,232,.268,.272,-.004,.405,.416,-.011,.307,.316,-.009
Allen, Cody,592102,2018,289,172,.231,.211,.020,.410,.397,.013,.323,.309,.014
Jansen, Kenley,445276,2018,289,188,.201,.203,-.002,.383,.351,.032,.273,.266,.007
Fister, Doug,450729,2018,289,224,.278,.290,-.012,.456,.456,.000,.344,.356,-.012
Brach, Brad,542960,2018,289,200,.279,.256,.023,.403,.371,.032,.329,.307,.022
Cishek, Steve,518553,2018,288,173,.181,.189,-.008,.306,.303,.003,.263,.267,-.004
Clippard, Tyler,461325,2018,285,175,.223,.197,.026,.430,.374,.056,.309,.279,.030
Rodney, Fernando,407845,2018,285,180,.250,.240,.010,.363,.369,-.006,.312,.312,.000
Kelly, Joe,523260,2018,285,180,.234,.247,-.013,.332,.359,-.027,.297,.315,-.018
Cimber, Adam,643256,2018,284,203,.265,.230,.035,.420,.313,.107,.310,.257,.053
Romo, Sergio,489265,2018,284,186,.253,.220,.033,.409,.385,.024,.312,.290,.022
Hernandez, Elieser,622694,2018,284,210,.272,.259,.013,.464,.453,.011,.345,.337,.008
McHugh, Collin,543521,2018,283,163,.176,.205,-.029,.290,.339,-.049,.243,.273,-.030
Montas, Frankie,593423,2018,283,217,.290,.293,-.003,.451,.469,-.018,.342,.351,-.009
Robertson, David,502085,2018,283,166,.183,.197,-.014,.337,.349,-.012,.260,.275,-.015
Oswalt, Corey,621261,2018,282,213,.268,.273,-.005,.475,.457,.018,.346,.342,.004
Colome, Alex,517008,2018,282,186,.230,.238,-.008,.350,.386,-.036,.282,.301,-.019
Faria, Jake,607188,2018,281,195,.248,.265,-.017,.434,.460,-.026,.335,.358,-.023
Diaz, Edwin,621242,2018,280,133,.160,.160,.000,.241,.241,.000,.214,.215,-.001
Davies, Zach,605200,2018,280,205,.269,.275,-.006,.438,.421,.017,.326,.329,-.003
Rodriguez, Richard,593144,2018,279,167,.217,.199,.018,.312,.317,-.005,.262,.255,.007
Greene, Shane,572888,2018,279,192,.268,.248,.020,.465,.433,.032,.335,.322,.013
Garcia, Jarlin,606424,2018,278,210,.239,.281,-.042,.478,.545,-.067,.334,.378,-.044
Parker, Blake,453284,2018,276,184,.249,.248,.001,.443,.448,-.005,.322,.325,-.003
Oh, Seunghwan,493200,2018,274,174,.209,.205,.004,.353,.335,.018,.268,.263,.005
Dyson, Sam,473879,2018,273,194,.228,.234,-.006,.362,.357,.005,.284,.288,-.004
Steckenrider, Drew,608716,2018,272,169,.227,.217,.010,.355,.355,.000,.287,.283,.004
Betances, Dellin,476454,2018,272,126,.186,.170,.016,.300,.254,.046,.259,.238,.021
Holder, Jonathan,656547,2018,272,192,.214,.225,-.011,.319,.397,-.078,.255,.292,-.037
Peacock, Brad,502748,2018,272,153,.226,.216,.010,.431,.361,.070,.310,.283,.027
Floro, Dylan,571670,2018,271,189,.237,.231,.006,.332,.315,.017,.272,.266,.006
Jennings, Dan,543359,2018,271,202,.275,.281,-.006,.421,.408,.013,.327,.329,-.002
Bedrosian, Cam,592135,2018,271,185,.263,.277,-.014,.400,.431,-.031,.324,.343,-.019
Santana, Edgar,650828,2018,270,202,.240,.254,-.014,.378,.415,-.037,.282,.305,-.023
Hunter, Tommy,488984,2018,270,201,.260,.254,.006,.436,.403,.033,.319,.307,.012
Johnson, Jim,462382,2018,268,200,.268,.259,.009,.414,.396,.018,.320,.315,.005
Guerrero, Tayron,594027,2018,268,166,.275,.249,.026,.433,.407,.026,.347,.330,.017
Alexander, Scott,518397,2018,268,183,.239,.237,.002,.345,.323,.022,.295,.289,.006
Jimenez, Joe,641729,2018,267,163,.222,.204,.018,.351,.355,-.004,.279,.275,.004
Biddle, Jesse,592145,2018,266,165,.218,.249,-.031,.336,.370,-.034,.287,.313,-.026
Barnes, Matt,598264,2018,265,136,.204,.193,.011,.322,.321,.001,.279,.277,.002
Garrett, Amir,607237,2018,264,165,.239,.228,.011,.415,.364,.051,.316,.296,.020
Tepera, Ryan,572193,2018,263,167,.237,.225,.012,.422,.382,.040,.318,.301,.017
Alvarado, Jose,621237,2018,263,153,.183,.206,-.023,.249,.286,-.037,.235,.261,-.026
Kintzler, Brandon,445213,2018,263,194,.286,.290,-.004,.432,.439,-.007,.335,.345,-.010
Stanek, Ryne,592773,2018,263,154,.191,.189,.002,.340,.362,-.022,.273,.281,-.008
Moronta, Reyes,606625,2018,262,146,.154,.173,-.019,.235,.268,-.033,.232,.252,-.020
Pagan, Emilio,641941,2018,262,177,.230,.203,.027,.473,.404,.069,.325,.290,.035
Hirano, Yoshihisa,673633,2018,262,178,.209,.238,-.029,.332,.397,-.065,.267,.311,-.044
Davis, Wade,451584,2018,261,155,.185,.178,.007,.343,.279,.064,.272,.249,.023
Watson, Tony,453265,2018,261,174,.224,.220,.004,.332,.362,-.030,.257,.268,-.011
Alvarez, Jose,501625,2018,261,178,.217,.238,-.021,.323,.382,-.059,.270,.301,-.031
Rogers, Taylor,573124,2018,260,167,.206,.202,.004,.294,.315,-.021,.240,.247,-.007
Minter, A.J.,621345,2018,260,167,.244,.238,.006,.329,.338,-.009,.285,.287,-.002
Hembree, Heath,592390,2018,260,156,.233,.204,.029,.423,.380,.043,.315,.292,.023
Carle, Shane,641438,2018,258,188,.221,.273,-.052,.314,.412,-.098,.263,.323,-.060
Shaw, Bryan,543766,2018,257,174,.313,.277,.036,.509,.448,.061,.382,.349,.033
Winkler, Dan,595465,2018,256,161,.228,.231,-.003,.342,.356,-.014,.287,.295,-.008
Crick, Kyle,605195,2018,255,160,.202,.222,-.020,.274,.320,-.046,.257,.286,-.029
Soria, Joakim,465657,2018,255,162,.225,.209,.016,.339,.326,.013,.271,.261,.010
Hernandez, David,456696,2018,254,167,.200,.218,-.018,.365,.353,.012,.276,.283,-.007
Sewald, Paul,623149,2018,253,171,.277,.248,.029,.478,.397,.081,.348,.309,.039
Yates, Kirby,489446,2018,250,139,.181,.183,-.002,.279,.324,-.045,.236,.255,-.019
Rondon, Hector,444468,2018,250,163,.252,.238,.014,.383,.353,.030,.301,.286,.015
Magill, Matt,543483,2018,249,167,.262,.267,-.005,.471,.499,-.028,.349,.368,-.019
Gearrin, Cory,518715,2018,248,168,.255,.258,-.003,.405,.416,-.011,.324,.333,-.009
Romero, Fernando,622864,2018,247,176,.279,.258,.021,.419,.407,.012,.334,.329,.005
Lopez, Pablo,641154,2018,247,179,.252,.239,.013,.428,.413,.015,.315,.307,.008
Grace, Matt,594840,2018,247,184,.240,.234,.006,.354,.377,-.023,.275,.284,-.009
Kimbrel, Craig,518886,2018,247,118,.146,.172,-.026,.305,.295,.010,.256,.264,-.008
Otero, Dan,519096,2018,247,196,.289,.274,.015,.515,.444,.071,.347,.314,.033
Arano, Victor,644364,2018,246,168,.239,.228,.011,.381,.379,.002,.286,.285,.001
Strahm, Matt,621381,2018,245,152,.178,.219,-.041,.306,.386,-.080,.250,.297,-.047
Norris, Bud,502032,2018,245,152,.237,.223,.014,.377,.361,.016,.301,.291,.010
Wilson, Alex,543935,2018,245,185,.223,.244,-.021,.371,.424,-.053,.278,.311,-.033
Barraclough, Kyle,607457,2018,245,146,.197,.206,-.009,.350,.315,.035,.300,.295,.005
Diekman, Jake,518617,2018,243,140,.240,.230,.010,.363,.347,.016,.319,.311,.008
De La Rosa, Jorge,407822,2018,243,168,.243,.256,-.013,.381,.385,-.004,.307,.320,-.013
Reed, Addison,592665,2018,242,180,.298,.272,.026,.509,.490,.019,.359,.344,.015
Robles, Hansel,570663,2018,242,156,.252,.239,.013,.438,.406,.032,.332,.321,.011
Jurado, Ariel,642558,2018,241,201,.297,.312,-.015,.459,.486,-.027,.349,.366,-.017
Anderson, Justin,605121,2018,241,129,.214,.189,.025,.276,.261,.015,.295,.281,.014
Rusin, Chris,543734,2018,241,166,.268,.249,.019,.435,.384,.051,.339,.316,.023
Scott, Tanner,656945,2018,240,135,.263,.242,.021,.426,.365,.061,.338,.312,.026
Duke, Zach,435043,2018,240,162,.271,.229,.042,.348,.301,.047,.308,.276,.032
Strop, Pedro,467008,2018,240,157,.179,.216,-.037,.274,.349,-.075,.242,.288,-.046
Vincent, Nick,543883,2018,238,165,.229,.206,.023,.376,.371,.005,.279,.272,.007
Baez, Pedro,520980,2018,237,151,.220,.205,.015,.354,.319,.035,.284,.268,.016
Williams, Taylor,592865,2018,236,153,.260,.253,.007,.407,.375,.032,.321,.308,.013
Wilson, Justin,458677,2018,236,134,.223,.237,-.014,.351,.367,-.016,.304,.316,-.012
Boxberger, Brad,502202,2018,235,131,.221,.211,.010,.402,.355,.047,.316,.298,.018
Shreve, Chasen,592741,2018,235,145,.261,.248,.013,.488,.446,.042,.355,.338,.017
Lopez, Jorge,605347,2018,234,173,.273,.280,-.007,.421,.444,-.023,.331,.351,-.020
Axford, John,446099,2018,233,154,.252,.236,.016,.398,.348,.050,.318,.295,.023
Rodriguez, Jefry,622446,2018,233,154,.228,.230,-.002,.423,.413,.010,.338,.336,.002
VerHagen, Drew,572403,2018,233,158,.222,.195,.027,.353,.323,.030,.283,.271,.012
Bradford, Chasen,607473,2018,231,174,.262,.274,-.012,.438,.484,-.046,.326,.354,-.028
Dominguez, Seranthony,622554,2018,231,131,.157,.184,-.027,.250,.286,-.036,.227,.252,-.025
Madson, Ryan,425492,2018,231,157,.282,.257,.025,.427,.380,.047,.329,.306,.023
Harris, Will,501789,2018,230,150,.226,.246,-.020,.311,.368,-.057,.260,.289,-.029
Oberg, Scott,623184,2018,228,156,.213,.251,-.038,.308,.354,-.046,.253,.289,-.036
Butler, Eddie,572750,2018,228,178,.292,.281,.011,.500,.449,.051,.362,.344,.018
McGee, Jake,459429,2018,227,162,.285,.269,.016,.541,.447,.094,.373,.335,.038
Peralta, Wandy,593974,2018,227,163,.302,.297,.005,.380,.400,-.020,.349,.353,-.004
Mayers, Mike,594577,2018,226,161,.289,.257,.032,.485,.414,.071,.348,.314,.034
Warren, Adam,476589,2018,223,149,.240,.261,-.021,.380,.431,-.051,.303,.334,-.031
Wright, Steven,453214,2018,223,153,.210,.231,-.021,.333,.373,-.040,.288,.310,-.022
Knebel, Corey,608349,2018,223,109,.194,.196,-.002,.372,.345,.027,.290,.283,.007
Leclerc, Jose,600917,2018,223,110,.126,.136,-.010,.194,.195,-.001,.205,.209,-.004
Beeks, Jalen,656222,2018,223,154,.268,.260,.008,.438,.398,.040,.346,.331,.015
Edwards Jr., Carl,605218,2018,222,123,.190,.203,-.013,.275,.301,-.026,.268,.282,-.014
Castillo, Diego,650895,2018,222,137,.178,.201,-.023,.302,.353,-.051,.248,.276,-.028
Cole, A.J.,595918,2018,221,140,.281,.245,.036,.577,.447,.130,.389,.331,.058
Barnes, Jacob,606930,2018,217,147,.266,.256,.010,.380,.377,.003,.316,.312,.004
Coleman, Louis,488786,2018,217,146,.235,.226,.009,.372,.335,.037,.312,.301,.011
Feliz, Michael,593140,2018,217,136,.261,.259,.002,.431,.438,-.007,.337,.345,-.008
Perdomo, Luis,606131,2018,217,153,.328,.272,.056,.492,.417,.075,.384,.334,.050
Fedde, Erick,607200,2018,217,149,.286,.280,.006,.490,.469,.021,.361,.359,.002
Volstad, Chris,458690,2018,216,171,.332,.297,.035,.551,.495,.056,.392,.362,.030
Freeman, Sam,518693,2018,216,124,.229,.231,-.002,.318,.317,.001,.302,.305,-.003
Miller, Justin,502522,2018,215,136,.218,.196,.022,.420,.390,.030,.301,.283,.018
Morgan, Adam,605388,2018,214,141,.259,.232,.027,.365,.344,.021,.304,.290,.014
Cueto, Johnny,456501,2018,214,158,.238,.236,.002,.399,.438,-.039,.307,.320,-.013
Maton, Phil,664208,2018,214,134,.269,.202,.067,.403,.305,.098,.331,.270,.061
Fry, Jace,605240,2018,214,123,.194,.210,-.016,.293,.328,-.035,.256,.275,-.019
Chapman, Aroldis,547973,2018,212,84,.136,.144,-.008,.215,.221,-.006,.239,.245,-.006
Pazos, James,572021,2018,212,146,.249,.228,.021,.365,.364,.001,.301,.295,.006
Holland, Greg,518813,2018,212,132,.242,.233,.009,.337,.341,-.004,.313,.313,.000
Kela, Keone,605309,2018,212,127,.199,.212,-.013,.335,.356,-.021,.263,.277,-.014
Giles, Ken,571704,2018,212,151,.266,.253,.013,.429,.406,.023,.310,.297,.013
Chafin, Andrew,605177,2018,211,131,.227,.245,-.018,.298,.346,-.048,.280,.309,-.029
Ohtani, Shohei,660271,2018,211,125,.203,.213,-.010,.332,.345,-.013,.277,.286,-.009
Smith, Will,519293,2018,210,124,.194,.180,.014,.283,.284,-.001,.228,.228,.000
Elias, Roenis,606273,2018,210,159,.242,.244,-.002,.342,.374,-.032,.280,.296,-.016
Drake, Oliver,543118,2018,209,140,.274,.249,.025,.421,.378,.043,.328,.303,.025
Brebbia, John,605154,2018,209,133,.226,.209,.017,.363,.369,-.006,.278,.277,.001
Minaya, Juan,573668,2018,209,119,.220,.204,.016,.333,.293,.040,.301,.281,.020
Petricka, Jake,502593,2018,208,146,.317,.276,.041,.511,.413,.098,.386,.337,.049
Samardzija, Jeff,502188,2018,207,149,.270,.272,-.002,.425,.491,-.066,.343,.365,-.022
Garcia, Luis,472610,2018,204,131,.271,.252,.019,.425,.381,.044,.335,.316,.019
Bassitt, Chris,605135,2018,204,140,.221,.230,-.009,.315,.373,-.058,.282,.308,-.026
Roe, Chaz,475054,2018,203,126,.197,.216,-.019,.337,.348,-.011,.281,.293,-.012
Neris, Hector,593576,2018,203,110,.250,.212,.038,.489,.419,.070,.341,.300,.041
Bibens-Dirkx, Austin,502212,2018,203,151,.308,.275,.033,.533,.440,.093,.388,.343,.045
Ramirez, Erasmo,541640,2018,202,154,.284,.311,-.027,.585,.556,.029,.381,.392,-.011
Ferguson, Caleb,657571,2018,202,128,.230,.242,-.012,.401,.375,.026,.297,.293,.004
Conley, Adam,543045,2018,202,133,.207,.240,-.033,.363,.372,-.009,.278,.307,-.029
Strickland, Hunter,519326,2018,201,142,.247,.258,-.011,.431,.433,-.002,.323,.336,-.013
Norris, Daniel,596057,2018,200,128,.261,.277,-.016,.455,.484,-.029,.341,.361,-.020
Suero, Wander,593833,2018,200,134,.240,.253,-.013,.408,.437,-.029,.309,.331,-.022
Rosario, Randy,600968,2018,200,148,.264,.297,-.033,.376,.436,-.060,.317,.353,-.036
Hutchison, Drew,571800,2018,199,140,.305,.280,.025,.524,.486,.038,.393,.375,.018
McAllister, Zach,502083,2018,199,148,.310,.291,.019,.533,.476,.057,.372,.346,.026
Hill, Tim,657612,2018,198,140,.257,.232,.025,.374,.329,.045,.304,.279,.025
Hudson, Daniel,543339,2018,197,131,.217,.234,-.017,.349,.353,-.004,.290,.300,-.010
Avilan, Luis,501593,2018,197,126,.251,.235,.016,.366,.322,.044,.300,.280,.020
Devenski, Chris,606965,2018,196,129,.236,.224,.012,.421,.364,.057,.309,.286,.023
Cessa, Luis,570666,2018,195,143,.282,.283,-.001,.431,.431,.000,.330,.332,-.002
Font, Wilmer,521655,2018,192,139,.263,.245,.018,.514,.452,.062,.357,.328,.029
Barnes, Danny,592130,2018,191,129,.285,.226,.059,.503,.385,.118,.371,.307,.064
Nix, Jacob,656798,2018,190,152,.304,.339,-.035,.544,.590,-.046,.384,.418,-.034
Kelley, Shawn,518875,2018,190,128,.188,.187,.001,.381,.334,.047,.257,.247,.010
Reed, Cody,642003,2018,188,129,.269,.242,.027,.395,.366,.029,.319,.301,.018
Despaigne, Odrisamer,628333,2018,188,132,.321,.317,.004,.469,.477,-.008,.369,.376,-.007
Blevins, Jerry,460283,2018,188,120,.225,.212,.013,.394,.388,.006,.321,.314,.007
Johnson, Pierce,572955,2018,186,128,.236,.229,.007,.416,.398,.018,.319,.318,.001
Musgrave, Harrison,643466,2018,185,130,.224,.244,-.020,.472,.395,.077,.333,.321,.012
Herrera, Kelvin,516969,2018,184,135,.250,.241,.009,.390,.396,-.006,.298,.298,.000
Jackson, Luke,592426,2018,184,115,.259,.234,.025,.392,.353,.039,.321,.301,.020
Nicasio, Juan,504379,2018,183,123,.308,.238,.070,.500,.387,.113,.349,.280,.069
Loup, Aaron,571901,2018,183,121,.296,.259,.037,.444,.385,.059,.349,.316,.033
Stephens, Jackson,623451,2018,183,132,.307,.296,.011,.515,.469,.046,.377,.357,.020
Triggs, Andrew,592811,2018,182,118,.231,.248,-.017,.413,.506,-.093,.319,.360,-.041
Kittredge, Andrew,552640,2018,181,133,.338,.304,.034,.556,.483,.073,.398,.363,.035
Duensing, Brian,488846,2018,181,127,.286,.264,.022,.463,.383,.080,.372,.348,.024
Pannone, Thomas,623381,2018,181,135,.231,.223,.008,.419,.407,.012,.309,.302,.007
Wainwright, Adam,425794,2018,181,121,.263,.237,.026,.410,.387,.023,.327,.312,.015
Darvish, Yu,506433,2018,180,106,.235,.223,.012,.425,.395,.030,.335,.322,.013
Ramirez, Neil,519166,2018,180,108,.228,.231,-.003,.456,.431,.025,.333,.327,.006
Smith, Joe,501925,2018,180,120,.207,.230,-.023,.378,.374,.004,.279,.295,-.016
Wood, Hunter,621056,2018,179,119,.264,.241,.023,.390,.354,.036,.317,.297,.020
Martin, Chris,455119,2018,177,132,.274,.273,.001,.417,.435,-.018,.307,.320,-.013
McGuire, Deck,592547,2018,177,113,.266,.277,-.011,.510,.491,.019,.386,.390,-.004
Yacabonis, Jimmy,642231,2018,177,121,.261,.261,.000,.471,.424,.047,.358,.343,.015
Solis, Sammy,519301,2018,177,111,.277,.250,.027,.490,.430,.060,.368,.339,.029
Woodruff, Brandon,605540,2018,176,113,.226,.234,-.008,.346,.369,-.023,.284,.299,-.015
Sparkman, Glenn,642098,2018,176,133,.303,.278,.025,.458,.396,.062,.342,.320,.022
Melancon, Mark,453343,2018,174,128,.302,.301,.001,.409,.460,-.051,.335,.354,-.019
Stumpf, Daniel,621385,2018,173,120,.286,.271,.015,.474,.415,.059,.350,.328,.022
Ramos, Edubray,591693,2018,173,116,.218,.213,.005,.314,.317,-.003,.262,.260,.002
Lewicki, Artie,592499,2018,170,125,.320,.313,.007,.473,.502,-.029,.358,.378,-.020
Britton, Zack,502154,2018,170,111,.201,.228,-.027,.292,.337,-.045,.281,.311,-.030
Salas, Fernando,477569,2018,170,125,.265,.235,.030,.404,.411,-.007,.307,.299,.008
Workman, Brandon,519443,2018,167,114,.230,.218,.012,.405,.398,.007,.304,.303,.001
Hatcher, Chris,501822,2018,167,119,.289,.273,.016,.463,.411,.052,.358,.337,.021
Wisler, Matt,605538,2018,166,127,.265,.279,-.014,.490,.509,-.019,.328,.345,-.017
Stock, Robert,476594,2018,166,113,.247,.212,.035,.300,.285,.015,.276,.257,.019
Rios, Yacksel,605441,2018,165,112,.293,.271,.022,.490,.409,.081,.363,.327,.036
Tuivailala, Sam,592815,2018,165,121,.277,.274,.003,.405,.399,.006,.320,.317,.003
Fulmer, Carson,608334,2018,164,106,.280,.308,-.028,.530,.605,-.075,.400,.435,-.035
Doolittle, Sean,448281,2018,163,95,.135,.161,-.026,.213,.259,-.046,.172,.202,-.030
Buchter, Ryan,488748,2018,163,107,.219,.212,.007,.356,.360,-.004,.282,.286,-.004
Guerra, Javy,457915,2018,162,117,.292,.273,.019,.479,.423,.056,.355,.329,.026
Brice, Austin,592169,2018,162,114,.271,.250,.021,.535,.467,.068,.359,.327,.032
Belisle, Matt,279571,2018,162,123,.336,.293,.043,.548,.498,.050,.399,.367,.032
Maurer, Brandon,543506,2018,160,103,.323,.281,.042,.585,.464,.121,.422,.374,.048
Fry, Paul,643316,2018,159,104,.236,.243,-.007,.286,.313,-.027,.282,.294,-.012
Moya, Gabriel,622382,2018,159,114,.245,.241,.004,.420,.355,.065,.314,.292,.022
Stewart, Kohl,640464,2018,159,114,.246,.259,-.013,.326,.366,-.040,.306,.324,-.018
Saupold, Warwick,599683,2018,158,127,.293,.328,-.035,.493,.539,-.046,.363,.395,-.032
Graveman, Kendall,608665,2018,158,117,.306,.303,.003,.542,.542,.000,.388,.387,.001
Vizcaino, Arodys,527055,2018,158,101,.213,.224,-.011,.355,.382,-.027,.287,.303,-.016
Cecil, Brett,446399,2018,157,113,.302,.279,.023,.496,.488,.008,.378,.380,-.002
Albers, Matt,458006,2018,157,111,.321,.278,.043,.586,.484,.102,.400,.351,.049
Goeddel, Erik,592340,2018,155,90,.195,.208,-.013,.301,.309,-.008,.268,.279,-.011
Valdez, Framber,664285,2018,154,92,.175,.178,-.003,.270,.250,.020,.282,.277,.005
Rondon, Bruce,541652,2018,154,86,.298,.251,.047,.427,.354,.073,.371,.337,.034
Fields, Josh,451661,2018,154,110,.196,.252,-.056,.322,.414,-.092,.251,.310,-.059
Rucinski, Drew,607968,2018,154,110,.254,.237,.017,.358,.345,.013,.297,.290,.007
Miller, Andrew,453192,2018,154,88,.233,.208,.025,.391,.306,.085,.321,.282,.039
Davis, Austin,656354,2018,152,99,.265,.236,.029,.485,.364,.121,.342,.292,.050
Burnes, Corbin,669203,2018,152,103,.199,.246,-.047,.324,.397,-.073,.259,.307,-.048
Hughes, Phil,461833,2018,152,109,.314,.319,-.005,.600,.661,-.061,.403,.428,-.025
Sipp, Tony,448609,2018,151,95,.200,.198,.002,.311,.283,.028,.258,.255,.003
Mayza, Tim,641835,2018,151,95,.244,.200,.044,.370,.325,.045,.298,.262,.036
Castillo, Jose,620454,2018,150,83,.170,.171,-.001,.267,.265,.002,.234,.235,-.001
Osuna, Roberto,532077,2018,150,110,.234,.270,-.036,.305,.401,-.096,.256,.308,-.052
Reid-Foley, Sean,656887,2018,150,86,.244,.216,.028,.441,.380,.061,.346,.317,.029
Makita, Kazuhisa,628318,2018,149,98,.241,.263,-.022,.444,.423,.021,.322,.325,-.003
Peralta, Wily,503449,2018,149,90,.230,.227,.003,.385,.413,-.028,.324,.335,-.011
Graves, Brett,605255,2018,148,111,.311,.288,.023,.462,.432,.030,.365,.346,.019
Beck, Chris,571476,2018,148,106,.270,.254,.016,.524,.454,.070,.382,.353,.029
Wittgren, Nick,621295,2018,148,101,.223,.222,.001,.323,.377,-.054,.273,.295,-.022
Alcantara, Sandy,645261,2018,146,91,.214,.216,-.002,.359,.333,.026,.317,.311,.006
Venters, Jonny,458924,2018,145,101,.208,.237,-.029,.280,.333,-.053,.257,.295,-.038
Lively, Ben,594902,2018,145,100,.325,.299,.026,.492,.497,-.005,.387,.378,.009
Bummer, Aaron,607481,2018,144,98,.301,.271,.030,.376,.380,-.004,.323,.312,.011
Fried, Max,608331,2018,142,76,.224,.237,-.013,.345,.348,-.003,.310,.325,-.015
Adam, Jason,592094,2018,142,87,.246,.230,.016,.533,.477,.056,.365,.348,.017
Farrell, Luke,608652,2018,141,85,.244,.248,-.004,.463,.425,.038,.338,.329,.009
Springs, Jeffrey,605488,2018,141,95,.256,.253,.003,.408,.411,-.003,.324,.326,-.002
Kolarek, Adam,592473,2018,141,116,.284,.240,.044,.373,.343,.030,.295,.269,.026
Rhame, Jacob,642008,2018,140,103,.295,.226,.069,.558,.420,.138,.376,.294,.082
Cedeno, Xavier,458584,2018,140,90,.210,.252,-.042,.290,.331,-.041,.266,.299,-.033
Tillman, Chris,501957,2018,137,105,.365,.336,.029,.652,.592,.060,.459,.435,.024
Jones, Nate,518858,2018,137,87,.239,.260,-.021,.385,.451,-.066,.321,.352,-.031
Bashlor, Tyler,641341,2018,135,95,.218,.204,.014,.420,.408,.012,.317,.307,.010
Cole, Taylor,518566,2018,135,81,.169,.199,-.030,.280,.284,-.004,.246,.262,-.016
Chargois, JT,608638,2018,135,78,.222,.204,.018,.376,.286,.090,.301,.263,.038
Nuno III, Vidal,573064,2018,134,93,.198,.205,-.007,.355,.328,.027,.264,.257,.007
Tazawa, Junichi,547749,2018,134,90,.302,.284,.018,.586,.526,.060,.402,.375,.027
Bleier, Richard,542947,2018,133,113,.286,.280,.006,.365,.383,-.018,.288,.302,-.014
Ponce de Leon, Daniel,594965,2018,132,87,.205,.238,-.033,.308,.384,-.076,.268,.309,-.041
Casilla, Santiago,433586,2018,131,86,.170,.247,-.077,.226,.339,-.113,.260,.327,-.067
Araujo, Pedro,606478,2018,130,81,.264,.215,.049,.582,.440,.142,.405,.341,.064
Shoemaker, Matt,533167,2018,130,86,.244,.289,-.045,.387,.482,-.095,.304,.358,-.054
Bracho, Silvino,611093,2018,129,80,.223,.235,-.012,.357,.331,.026,.291,.292,-.001
Moylan, Peter,493247,2018,129,86,.299,.290,.009,.449,.402,.047,.371,.351,.020
Peters, Dillon,596071,2018,129,96,.306,.292,.014,.477,.459,.018,.376,.365,.011
Holmes, Clay,605280,2018,129,83,.291,.270,.021,.398,.361,.037,.368,.357,.011
Kennedy, Brett,664028,2018,128,96,.330,.295,.035,.550,.474,.076,.405,.363,.042
Busenitz, Alan,641427,2018,126,84,.339,.276,.063,.624,.535,.089,.440,.385,.055
Schultz, Jaime,621289,2018,125,70,.175,.149,.026,.398,.349,.049,.308,.285,.023
Brasier, Ryan,518489,2018,124,88,.171,.218,-.047,.270,.333,-.063,.209,.259,-.050
Leiter Jr., Mark,643410,2018,123,87,.327,.296,.031,.589,.501,.088,.409,.366,.043
Toussaint, Touki,657053,2018,123,68,.182,.218,-.036,.283,.329,-.046,.288,.317,-.029
Morrow, Brandon,453344,2018,122,81,.214,.258,-.044,.277,.382,-.105,.252,.312,-.060
Gonsalves, Stephen,624427,2018,122,83,.283,.317,-.034,.404,.475,-.071,.369,.407,-.038
Mendez, Yohander,622795,2018,121,88,.264,.221,.043,.434,.366,.068,.345,.304,.041
Perez, Oliver,424144,2018,120,68,.155,.169,-.014,.200,.267,-.067,.180,.214,-.034
Smith, Drew,622098,2018,120,94,.309,.282,.027,.445,.425,.020,.342,.327,.015
Blackburn, Paul,621112,2018,119,92,.303,.274,.029,.450,.380,.070,.341,.305,.036
Neverauskas, Dovydas,596720,2018,119,81,.280,.263,.017,.598,.560,.038,.394,.375,.019
Alcantara, Victor,622505,2018,119,92,.223,.244,-.021,.420,.397,.023,.290,.293,-.003
Hudson, Dakota,641712,2018,118,80,.196,.209,-.013,.237,.272,-.035,.265,.289,-.024
Olson, Tyler,621397,2018,118,66,.245,.198,.047,.434,.336,.098,.322,.268,.054
Peterson, Tim,623402,2018,118,87,.261,.249,.012,.495,.457,.038,.333,.314,.019
Milone, Tommy,543548,2018,118,93,.330,.308,.022,.580,.537,.043,.384,.362,.022
Swarzak, Anthony,461872,2018,116,70,.280,.246,.034,.490,.442,.048,.371,.344,.027
Kontos, George,502004,2018,116,91,.262,.281,-.019,.476,.463,.013,.339,.353,-.014
Montgomery, Jordan,656756,2018,116,81,.240,.227,.013,.356,.352,.004,.300,.293,.007
Santana, Ervin,429722,2018,114,87,.310,.286,.024,.670,.639,.031,.426,.417,.009
Gomez, Jeanmar,491646,2018,114,76,.293,.269,.024,.455,.438,.017,.344,.341,.003
Soroka, Mike,647336,2018,113,85,.288,.283,.005,.413,.427,-.014,.322,.327,-.005
Gilmartin, Sean,543219,2018,113,85,.230,.285,-.055,.410,.468,-.058,.319,.366,-.047
Boyer, Blaine,430641,2018,109,87,.344,.354,-.010,.688,.572,.116,.444,.420,.024
Bowman, Matt,621199,2018,109,71,.309,.272,.037,.511,.450,.061,.374,.347,.027
Loaisiga, Jonathan,642528,2018,108,63,.271,.266,.005,.438,.399,.039,.344,.331,.013
Bush, Matt,456713,2018,108,73,.256,.249,.007,.467,.404,.063,.356,.341,.015
Duffey, Tyler,608648,2018,107,83,.260,.288,-.028,.540,.548,-.008,.345,.373,-.028
Thornburg, Tyler,592804,2018,107,75,.295,.282,.013,.537,.456,.081,.383,.352,.031
Carpenter, Ryan,543001,2018,107,85,.347,.345,.002,.643,.608,.035,.429,.421,.008
Kahnle, Tommy,592454,2018,107,62,.256,.242,.014,.456,.412,.044,.349,.333,.016
Leone, Dominic,608678,2018,106,72,.287,.270,.017,.394,.421,-.027,.304,.323,-.019
Lawrence, Casey,596271,2018,106,80,.298,.279,.019,.489,.473,.016,.371,.360,.011
Barnette, Tony,501817,2018,104,71,.196,.213,-.017,.340,.374,-.034,.258,.280,-.022
Kelly, Casey,543391,2018,104,82,.292,.273,.019,.479,.445,.034,.338,.322,.016
Hendriks, Liam,521230,2018,104,71,.272,.247,.025,.413,.358,.055,.332,.303,.029
May, Trevor,543507,2018,103,61,.221,.201,.020,.379,.365,.014,.281,.265,.016
Gonzalez, Merandy,642571,2018,103,76,.326,.315,.011,.505,.511,-.006,.378,.376,.002
Finnegan, Brandon,605232,2018,103,74,.318,.299,.019,.553,.478,.075,.399,.376,.023
Gossett, Daniel,605254,2018,102,81,.269,.271,-.002,.495,.533,-.038,.355,.371,-.016
Dull, Ryan,623430,2018,101,72,.242,.249,-.007,.374,.409,-.035,.294,.318,-.024
Garcia, Yimi,554340,2018,101,76,.305,.295,.010,.611,.574,.037,.400,.383,.017
Neshek, Pat,450212,2018,101,81,.245,.227,.018,.383,.374,.009,.281,.270,.011
Littell, Zack,641793,2018,101,72,.298,.274,.024,.524,.442,.082,.396,.363,.033
Reininger, Zac,643617,2018,100,73,.311,.295,.016,.589,.550,.039,.396,.377,.019
Hart, Donnie,643354,2018,99,74,.360,.294,.066,.488,.453,.035,.401,.363,.038
Collins, Tim,525768,2018,99,66,.264,.225,.039,.471,.396,.075,.357,.317,.040
Coulombe, Danny,543056,2018,98,61,.279,.219,.060,.488,.351,.137,.363,.293,.070
Meyer, Ben,656738,2018,97,70,.338,.288,.050,.545,.470,.075,.425,.388,.037
Sampson, Adrian,592716,2018,96,75,.270,.287,-.017,.517,.557,-.040,.351,.381,-.030
Black, Ray,605143,2018,95,51,.207,.178,.029,.427,.299,.128,.316,.261,.055
Cingrani, Tony,571561,2018,95,50,.221,.180,.041,.349,.303,.046,.282,.246,.036
Cordero, Jimmy,622772,2018,94,68,.288,.296,-.008,.400,.407,-.007,.348,.354,-.006
Poyner, Bobby,596074,2018,93,64,.256,.237,.019,.477,.408,.069,.326,.292,.034
Mejia, Adalberto,606167,2018,92,68,.215,.249,-.034,.253,.389,-.136,.261,.325,-.064
James, Josh,657624,2018,91,53,.183,.196,-.013,.341,.343,-.002,.268,.275,-.007
Santos, Luis,608601,2018,91,56,.333,.277,.056,.615,.451,.164,.423,.345,.078
Stewart, Brock,592779,2018,90,64,.303,.299,.004,.526,.486,.040,.379,.369,.010
Webb, Tyler,643778,2018,90,65,.278,.264,.014,.468,.469,-.001,.351,.348,.003
Ramos, AJ,573109,2018,88,51,.236,.217,.019,.403,.412,-.009,.339,.335,.004
Meisinger, Ryan,664682,2018,87,56,.240,.289,-.049,.560,.610,-.050,.370,.416,-.046
Cloyd, Tyler,543031,2018,87,63,.329,.278,.051,.579,.452,.127,.416,.352,.064
Paredes, Eduardo,622161,2018,86,63,.325,.279,.046,.610,.582,.028,.416,.402,.014
Vieira, Thyago,600986,2018,85,58,.292,.294,-.002,.514,.548,-.034,.387,.401,-.014
Altavilla, Dan,656186,2018,85,45,.162,.186,-.024,.279,.313,-.034,.288,.307,-.019
Diaz, Miguel,622766,2018,85,43,.225,.175,.050,.408,.303,.105,.311,.263,.048
Gott, Trevor,641627,2018,84,57,.271,.284,-.013,.500,.476,.024,.367,.380,-.013
Carroll, Cody,606944,2018,84,55,.296,.285,.011,.577,.568,.009,.418,.411,.007
Dunn, Mike,445197,2018,83,53,.344,.277,.067,.484,.377,.107,.423,.384,.039
Grimm, Justin,518748,2018,83,58,.297,.249,.048,.500,.440,.060,.383,.356,.027
Lyons, Tyler,544928,2018,83,54,.343,.284,.059,.571,.494,.077,.409,.368,.041
Cuevas, William,571035,2018,83,49,.294,.244,.050,.515,.430,.085,.403,.356,.047
Gohara, Luiz,627894,2018,82,56,.222,.226,-.004,.431,.439,-.008,.311,.317,-.006
O'Day, Darren,503285,2018,82,49,.237,.200,.037,.421,.323,.098,.305,.252,.053
De Los Santos, Enyel,660853,2018,81,57,.271,.263,.008,.486,.372,.114,.356,.321,.035
Wingenter, Trey,622259,2018,81,42,.191,.216,-.025,.338,.389,-.051,.291,.318,-.027
Miller, Shelby,571946,2018,79,52,.343,.300,.043,.643,.617,.026,.437,.428,.009
Curtis, Zac,657205,2018,79,41,.214,.215,-.001,.321,.305,.016,.328,.333,-.005
Sims, Lucas,608371,2018,77,46,.242,.230,.012,.435,.398,.037,.362,.345,.017
Rumbelow, Nick,592705,2018,77,54,.275,.231,.044,.580,.477,.103,.380,.331,.049
Jepsen, Kevin,448178,2018,77,57,.238,.280,-.042,.492,.485,.007,.358,.376,-.018
Brigham, Jeff,656257,2018,77,50,.271,.245,.026,.458,.410,.048,.372,.378,-.006
Cook, Ryan,475857,2018,76,43,.234,.210,.024,.453,.388,.065,.336,.305,.031
Thompson, Jake,622097,2018,76,51,.230,.229,.001,.377,.395,-.018,.308,.317,-.009
Lockett, Walker,621141,2018,76,54,.333,.289,.044,.621,.527,.094,.436,.387,.049
De Jong, Chase,608328,2018,74,55,.265,.246,.019,.485,.418,.067,.346,.316,.030
Pounders, Brooks,572044,2018,72,51,.368,.295,.073,.662,.503,.159,.448,.362,.086
Glover, Koda,606983,2018,71,52,.217,.265,-.048,.283,.357,-.074,.274,.320,-.046
Middleton, Keynan,641871,2018,71,45,.233,.234,-.001,.350,.380,-.030,.303,.312,-.009
Mills, Alec,621219,2018,71,41,.172,.173,-.001,.297,.296,.001,.246,.248,-.002
Jerez, Williams,605301,2018,71,48,.270,.339,-.069,.460,.567,-.107,.353,.418,-.065
Buttrey, Ty,621142,2018,70,45,.238,.277,-.039,.302,.397,-.095,.263,.318,-.055
Sherfy, Jimmie,642073,2018,69,40,.145,.186,-.041,.200,.267,-.067,.233,.286,-.053
Turnbull, Spencer,605513,2018,69,50,.262,.255,.007,.354,.422,-.068,.289,.310,-.021
Suarez, Ranger,624133,2018,69,52,.339,.289,.050,.548,.472,.076,.400,.354,.046
Ross, Joe,605452,2018,68,55,.274,.247,.027,.532,.458,.074,.370,.334,.036
Kopech, Michael,656629,2018,68,46,.328,.319,.009,.607,.612,-.005,.427,.427,.000
Baez, Sandy,622783,2018,66,45,.222,.265,-.043,.389,.452,-.063,.322,.366,-.044
Lucas, Josh,572998,2018,66,42,.286,.231,.055,.429,.337,.092,.364,.312,.052
Law, Derek,571882,2018,66,45,.286,.206,.080,.482,.332,.150,.370,.290,.080
Gonzalez, Miguel,456068,2018,66,55,.400,.342,.058,.783,.626,.157,.513,.437,.076
Oaks, Trevor,656805,2018,65,49,.375,.382,-.007,.536,.599,-.063,.406,.441,-.035
Morris, Akeel,592570,2018,65,50,.316,.291,.025,.579,.502,.077,.415,.382,.033
Barlow, Scott,605130,2018,65,47,.258,.265,-.007,.387,.456,-.069,.295,.324,-.029
Smith, Carson,605476,2018,64,40,.241,.223,.018,.431,.348,.083,.321,.286,.035
Stephenson, Robert,596112,2018,63,40,.340,.295,.045,.580,.517,.063,.428,.390,.038
Hale, David,571735,2018,62,48,.286,.297,-.011,.536,.485,.051,.380,.364,.016
Wendelken, J.B.,605525,2018,62,43,.140,.186,-.046,.228,.273,-.045,.200,.239,-.039
Bass, Anthony,542914,2018,62,45,.305,.302,.003,.390,.384,.006,.319,.317,.002
Osich, Josh,592612,2018,61,42,.385,.302,.083,.577,.480,.097,.453,.388,.065
Romero, Enny,544836,2018,61,44,.442,.336,.106,.788,.579,.209,.514,.400,.114
Slegers, Aaron,642083,2018,60,51,.298,.333,-.035,.544,.646,-.102,.372,.426,-.054
Almonte, Yency,622075,2018,60,42,.273,.231,.042,.418,.380,.038,.316,.283,.033
Newberry, Jake,623470,2018,60,40,.255,.311,-.056,.490,.516,-.026,.370,.402,-.032
Houser, Adrian,605288,2018,59,43,.255,.247,.008,.373,.357,.016,.325,.317,.008
Phillips, Evan,623465,2018,59,40,.271,.247,.024,.667,.516,.151,.445,.389,.056
Anderson, Drew,623454,2018,59,44,.309,.276,.033,.436,.463,-.027,.345,.341,.004
Walden, Marcus,519393,2018,59,41,.255,.262,-.007,.364,.379,-.015,.293,.303,-.010
Goody, Nick,580792,2018,58,40,.288,.281,.007,.654,.583,.071,.418,.395,.023
Sobotka, Chad,656977,2018,58,28,.104,.196,-.092,.250,.400,-.150,.216,.306,-.090
Logan, Boone,457429,2018,58,33,.326,.257,.069,.609,.515,.094,.438,.379,.059
Venditte, Pat,519381,2018,57,43,.212,.212,.000,.327,.300,.027,.263,.256,.007
Kinley, Tyler,641755,2018,57,35,.313,.275,.038,.521,.452,.069,.397,.359,.038
Gregerson, Luke,502381,2018,57,39,.275,.271,.004,.490,.367,.123,.361,.318,.043
Bergman, Christian,548357,2018,57,47,.231,.314,-.083,.519,.699,-.180,.327,.436,-.109
Armstrong, Shawn,542888,2018,57,36,.184,.222,-.038,.306,.356,-.050,.245,.285,-.040
Rzepczynski, Marc,519240,2018,57,36,.340,.325,.015,.574,.496,.078,.432,.406,.026
Banda, Anthony,607455,2018,56,43,.235,.273,-.038,.392,.423,-.031,.283,.318,-.035
Gagnon, Drew,543193,2018,56,41,.319,.302,.017,.447,.474,-.027,.378,.378,.000
Anderson, Tanner,664196,2018,56,41,.333,.305,.028,.467,.424,.043,.391,.363,.028
Rogers, Josh,642028,2018,56,45,.340,.304,.036,.560,.527,.033,.401,.376,.025
Walker, Taijuan,592836,2018,56,42,.294,.306,-.012,.392,.524,-.132,.331,.383,-.052
Voth, Austin,608723,2018,55,38,.255,.242,.013,.447,.380,.067,.336,.316,.020
Norwood, James,656803,2018,54,39,.298,.258,.040,.362,.388,-.026,.312,.303,.009
Liberatore, Adam,571893,2018,54,33,.227,.233,-.006,.364,.335,.029,.326,.320,.006
Bard, Luke,572703,2018,53,32,.222,.239,-.017,.489,.557,-.068,.352,.384,-.032
Guilmet, Preston,543258,2018,52,40,.391,.384,.007,.957,.754,.203,.555,.484,.071
Delgado, Randall,517414,2018,51,40,.244,.230,.014,.467,.406,.061,.332,.304,.028
Lamb, John,543424,2018,50,35,.326,.297,.029,.717,.553,.164,.451,.379,.072
Hu, Chih-Wei,629496,2018,50,35,.149,.231,-.082,.298,.421,-.123,.218,.299,-.081