last_name, first_name,pitcher,ff_avg_spin,si_avg_spin,fc_avg_spin,sl_avg_spin,ch_avg_spin,cu_avg_spin,fs_avg_spin,kn_avg_spin
Verlander, Justin,434378,2621,,2558,2685,1896,2899,,
Scherzer, Max,453286,2487,,2425,2386,1457,2512,,
Keuchel, Dallas,572971,2165,2042,2165,2190,1544,,,
Cole, Gerrit,543037,2385,2316,,2569,1676,2846,,
Clevinger, Mike,605182,2300,,,2388,1500,2196,,
Freeland, Kyle,607536,2265,2212,,2193,1394,2217,,
Porcello, Rick,519144,2435,2352,,2553,1761,2821,,
Severino, Luis,622663,2363,,,2872,1658,,,
Gibson, Kyle,502043,2218,2086,,2472,1696,2471,,
Chacin, Jhoulys,468504,2136,2029,,2366,1387,2365,1598,
Nola, Aaron,605400,2116,2057,,,1478,2545,,
deGrom, Jacob,594798,2362,2257,,2496,1700,2564,,
Lester, Jon,452657,2231,2077,2382,,1807,2574,,
Marquez, German,608566,2209,2156,,2351,1731,2688,,
Shields, James,448306,2271,2178,2342,,1665,2478,,
Kluber, Corey,446372,2410,2267,2604,,1752,2609,,
Foltynewicz, Mike,592314,2347,2246,,2514,1908,2499,,
Corbin, Patrick,571578,2267,2215,,2389,1710,2089,,
Greinke, Zack,425844,2335,2278,,2540,1738,2476,,
Price, David,456034,2244,2180,2162,,1721,2207,,
Happ, J.A.,457918,2333,2140,,2187,1617,2130,,
Hamels, Cole,430935,2083,2077,2046,2115,1653,2197,,
Lopez, Reynaldo,625643,2102,2021,,2119,1541,2065,,
Gonzalez, Gio,461829,2229,2121,,,1630,2714,,
Hendricks, Kyle,543294,2074,1947,,,2090,2795,,
Gausman, Kevin,592332,2170,2296,,2211,,,1478,
Godley, Zack,643327,2360,2234,2197,,1287,2178,,
Giolito, Lucas,608337,2099,2003,,2015,1651,2359,,
Mikolas, Miles,571945,2309,2218,,2361,1680,2613,,
Newcomb, Sean,656794,2181,,,2583,1620,2716,,
Lynn, Lance,458681,2386,2218,2506,,1611,2222,,
Berrios, Jose,621244,2213,2145,,,1633,2360,,
Odorizzi, Jake,543606,2255,,2221,2202,,2290,1605,
Taillon, Jameson,592791,2350,2223,,2393,1714,2649,,
Roark, Tanner,543699,2103,2048,2145,2286,1731,2744,,
Carrasco, Carlos,471911,2354,2204,,2646,1506,2825,,
Anderson, Tyler,542881,2252,2197,2468,,1904,2338,,
Bauer, Trevor,545333,2324,2320,2614,2669,1852,2601,,
Snell, Blake,605483,2364,,,2399,1777,2517,,
Holland, Derek,502706,,2353,,2178,2125,2076,,
Quintana, Jose,500779,2019,1980,,,1275,2176,,
Wheeler, Zack,554430,2311,2234,,2340,,2556,1618,
Boyd, Matthew,571510,2282,2281,,2322,1760,2276,,
Junis, Jakob,596001,2024,1978,,2474,1488,2364,,
Bundy, Dylan,605164,2417,2273,,2482,1740,2221,,
Pivetta, Nick,601713,2267,2192,,2475,1863,2837,,
Sale, Chris,519242,2356,2221,,2496,2045,,,
Teheran, Julio,527054,2326,2154,,2582,1615,2670,,
Kershaw, Clayton,477132,2395,,,2538,2181,2452,,
Leake, Mike,502190,2121,2006,2200,2447,1769,2560,,
Gray, Jon,592351,2015,1883,,2182,1557,2457,,
Duffy, Danny,518633,2264,2227,,2330,2412,2366,,
Castillo, Luis,622491,2200,2102,,2206,1931,,,
Urena, Jose,570632,2148,2124,,2242,1813,2278,,
Arrieta, Jake,453562,2310,2241,,2466,1650,2771,,
Heaney, Andrew,571760,,2467,,,1931,2383,,
Morton, Charlie,450203,2243,2109,2517,,,2924,2122,
Williams, Trevor,592866,2171,1874,,2203,1681,1979,,
Matz, Steven,571927,2132,2069,,2081,2224,2396,,
Fiers, Mike,571666,2309,2239,,2390,1894,2771,,
Cashner, Andrew,488768,2188,2048,,2155,1472,2307,,
Anderson, Chase,502624,2160,2108,2340,,2247,2220,,
Paxton, James,572020,2283,,2107,,2022,1949,,
Flaherty, Jack,656427,2200,1989,,2234,1677,2410,,
Sabathia, CC,282332,2070,2029,2223,2250,1881,,,
Gonzales, Marco,594835,2251,2267,2343,,2206,2450,,
Wood, Alex,622072,,1922,,,1665,2054,,
Hernandez, Felix,433587,2080,1997,2275,2264,1701,2357,,
Minor, Mike,501985,2543,2516,,2580,2197,2443,,
Harvey, Matt,518774,2163,2151,,2392,1805,2530,,
Nova, Ivan,467100,2294,2168,,,2018,2250,,
Archer, Chris,502042,2209,2210,,2555,1724,2614,,
Estrada, Marco,462136,2302,,2464,,2022,2620,,
Ross, Tyson,475115,2513,2490,2549,2663,2148,,,
Rodriguez, Eduardo,593958,2194,2199,2249,2204,2072,,,
Suarez, Andrew,605498,2014,,,2164,1712,2433,,
Tanaka, Masahiro,547888,2182,1959,2307,2403,,2429,1470,
Velasquez, Vince,592826,2335,2010,,2333,1637,2406,,
Stratton, Chris,608717,2447,2376,2451,2798,1933,3109,,
LeBlanc, Wade,453281,1944,1878,2006,2173,1522,2206,,
Cobb, Alex,502171,2120,,,,,2570,1640,
Buehler, Walker,621111,2417,2303,2670,2767,1694,2768,,
Syndergaard, Noah,592789,2170,2152,,2094,1638,2252,,
Romano, Sal,607219,2053,2043,,2336,1666,2396,,
Yarbrough, Ryan,642232,2050,2018,2156,,2069,2397,,
Weaver, Luke,596133,2324,1934,2286,,1700,2218,,
Richard, Clayton,453385,2244,2138,,2285,1677,,,
Hill, Rich,448179,2475,2330,2530,2789,,2892,,
Guerra, Junior,448855,2272,2125,,2296,,2557,1322,
Manaea, Sean,640455,1983,,,1891,1183,,,
Ray, Robbie,592662,2272,2241,,2084,,2025,,
Liriano, Francisco,434538,2018,2024,,2245,1717,2308,,
Gray, Sonny,543243,2449,2310,2392,2710,2013,2852,,
Richards, Trevor,670950,2087,,,2038,2243,,,
Keller, Brad,641745,2297,2091,,2470,1943,,,
Colon, Bartolo,112526,2280,2136,2312,2388,1657,,,
Sanchez, Anibal,434671,2240,2156,2342,2349,1354,2156,1644,
Chen, Wei-Yin,612672,2102,1968,,2195,1461,2213,,
McCullers Jr., Lance,621121,2360,2261,,,1889,2799,,
Barria, Jaime,642545,2176,2163,,2276,1507,,,
Strasburg, Stephen,544931,2122,2038,,2276,1689,2729,,
Fulmer, Michael,605242,2265,2112,,2521,1714,,,
Skaggs, Tyler,572140,2199,2190,,,1754,2675,,
Straily, Dan,573185,2326,2247,,2570,1493,2694,,
Eovaldi, Nathan,543135,2153,,2399,2192,,2162,1476,
Maeda, Kenta,628317,2297,2166,2188,2500,1501,2594,,
Zimmermann, Jordan,519455,2303,2166,,2357,1881,2387,,
Hammel, Jason,434628,2093,2036,,2527,1657,2346,,
Mahle, Tyler,641816,2138,,,2511,1584,2363,,
Lucchesi, Joey,664192,2256,2235,,,,2055,,
Kennedy, Ian,453178,2373,2320,2118,2078,1951,2616,,
Covey, Dylan,592229,2120,2035,2139,2185,1314,2363,,
Bumgarner, Madison,518516,,2078,2129,,1480,2297,,
Eflin, Zach,621107,2196,2056,,2269,1730,2393,,
Gaviglio, Sam,543208,,2040,,2137,1473,2122,,
Martinez, Carlos,593372,2207,2041,2311,2156,1899,2037,,
Rodon, Carlos,607074,2261,2149,,2495,1767,,,
Chatwood, Tyler,543022,2440,2371,2594,,1672,2826,,
Montgomery, Mike,543557,1940,1872,1968,,1790,2302,,
Stripling, Ross,548389,2293,,2323,2362,1602,2652,,
Santiago, Hector,502327,2065,2121,,2075,1954,2077,,
Lauer, Eric,641778,2190,,2259,2258,1710,2233,,
Bettis, Chad,518452,1876,1788,2051,,1377,2224,,
Blach, Ty,621389,,2124,,2381,1988,2456,,
Gant, John,607231,2442,2423,,2511,1546,2575,,
Rodriguez, Dereck,605446,2029,1989,2132,,1931,2574,,
Glasnow, Tyler,607192,2365,,,2917,1768,2802,,
Bieber, Shane,669456,2268,,,2238,1623,2070,,
Sanchez, Aaron,592717,2321,2248,,,1930,2916,,
Moore, Matt,519043,2267,,2160,,1832,2398,,
Bailey, Homer,456701,2080,1995,,1887,1290,1890,1246,
DeSclafani, Anthony,543101,2199,2035,,2231,1651,1684,,
Cahill, Trevor,502239,2297,2268,2157,,1531,2933,,
Mengden, Daniel,596043,2143,2052,2134,2249,1901,2458,,
Hess, David,605276,2171,2095,,2290,1603,2325,,
Johnson, Brian,598271,2181,2199,,2438,1551,2517,,
Stroman, Marcus,573186,2376,2314,2510,2659,1753,2507,,
Gallardo, Yovani,451596,2095,2043,,2214,1895,2368,,
Brault, Steven,643230,2130,1940,2246,2257,1769,2294,,
Suter, Brent,608718,2153,2150,,2236,1775,2192,,
Musgrove, Joe,605397,2350,2216,2459,2415,1974,2474,,
Lugo, Seth,607625,2218,2258,,2414,1824,3174,,
Senzatela, Antonio,622608,2085,,,2132,2120,2257,,
Borucki, Ryan,621366,,2220,,2149,2051,2236,,
Erlin, Robbie,572362,2276,2183,,2371,1590,2481,,
Wright, Mike,605541,2212,2028,,2202,1748,2304,,
Vargas, Jason,450306,2281,2226,,,2296,2500,,
Ryu, Hyun-Jin,547943,2051,2037,2040,2292,1577,2554,,
Miley, Wade,489119,2218,2041,2254,2410,1865,2476,,
Chavez, Jesse,445926,2350,2190,2383,2376,1940,2671,,
Jackson, Edwin,429719,2266,2101,2301,2280,2107,2514,,
German, Domingo,593334,2498,2480,,,2392,2507,,
Castro, Miguel,612434,2282,2261,,2877,2118,,,
Hader, Josh,623352,2066,1729,,2496,1582,,,
Pomeranz, Drew,519141,2300,2236,2286,,1826,2221,,
Kuhl, Chad,641771,2187,2178,,2531,1672,2901,,
Smith, Burch,572143,2053,1796,,,1802,2302,,
Peralta, Freddy,642547,2391,,,,1704,2325,,
Buchholz, Clay,453329,2129,2110,2293,,1536,2730,,
Wacha, Michael,608379,2071,,2129,,1589,2235,,
Pena, Felix,570240,2220,2206,,2628,1747,,,
Perez, Martin,527048,2112,2012,,2291,1761,2632,,
Lyles, Jordan,543475,2105,1993,,2221,1602,2300,,
Smith, Caleb,592761,2365,2272,,2340,1826,2236,,
Velazquez, Hector,584171,2096,2054,,1873,1371,2149,,
Hellickson, Jeremy,476451,2069,2032,2387,,1837,2831,,
Garcia, Jaime,448802,2324,2154,,2738,1959,2721,,
Ramirez, Noe,598287,,2153,,,1933,2766,,
Jeffress, Jeremy,502026,2259,2061,,,,2465,1547,
Hardy, Blaine,543278,2163,2102,2361,,2026,1953,,
Andriese, Matt,542882,2374,,,2478,2087,2676,,
Ottavino, Adam,493603,2283,2291,2602,2788,1793,,,
Kelly, Joe,523260,2256,2103,,2570,1941,3107,,
Fillmyer, Heath,641571,2220,2189,,2389,1654,2543,,
Richards, Garrett,572070,2602,2544,,2897,2794,3252,,
Chirinos, Yonny,630023,2305,2241,,2271,,,1245,
Petit, Yusmeiro,433589,2214,2111,2179,,1866,2198,,
Green, Chad,643338,2444,,,2261,,,1677,
Kingham, Nick,592468,2287,2114,2249,2357,2030,2263,,
Kimbrel, Craig,518886,2361,,,,1744,2586,,
Koch, Matt,571863,2187,,2160,,1682,2449,,
Lorenzen, Michael,547179,2382,2240,2455,2562,1888,2515,,
Gsellman, Robert,607229,2142,2148,,2310,1740,2699,,
Jansen, Kenley,445276,2368,,2601,2475,,,,
Hicks, Jordan,663855,2122,2080,,2420,,,,
Barnes, Matt,598264,2377,,,,,2312,1442,
Plutko, Adam,592644,2259,,,2486,1872,2846,,
Farmer, Buck,571656,2344,,,2648,1924,,,
McHugh, Collin,543521,2306,2378,2549,2838,1885,2800,,
Flynn, Brian,543169,2319,2284,,2376,1715,,,
Givens, Mychal,571710,2372,2373,,2527,2062,,,
Robertson, David,502085,2661,2406,2567,2659,2241,2771,,
Bradley, Archie,605151,2306,2186,,2137,,1978,,
Gomber, Austin,596295,2087,,,2310,1785,2498,,
Ramirez, Yefry,606162,2417,2337,2015,2440,2000,2398,,
Oh, Seunghwan,493200,2270,2134,2225,2294,1605,2565,,
Biagini, Joe,607352,2185,2146,2204,,1569,2902,,
McCarthy, Brandon,435221,2146,2115,2207,2350,,2620,,
Betances, Dellin,476454,2363,,,2498,1702,2553,,
Vazquez, Felipe,553878,2554,2526,,2755,1976,2757,,
Anderson, Brett,474463,1997,1829,,2352,1581,2339,,
Familia, Jeurys,544727,2258,2219,,2286,,,1741,
Hand, Brad,543272,2475,2335,,2579,,,,
Brach, Brad,542960,2245,2143,,2518,1955,,,
Treinen, Blake,595014,2531,2369,2573,2733,1853,,,
Hembree, Heath,592390,2416,,,2591,2469,2702,,
Pressly, Ryan,519151,2565,2415,,2734,,3231,,
Tropeano, Nick,607374,2274,2212,,2182,1973,,1090,
Rodney, Fernando,407845,2153,2026,,2182,1740,,,
Diaz, Edwin,621242,2341,2252,,2377,2094,,,
Mitchell, Bryan,571951,2246,2193,2475,,2040,2699,,
Allen, Cody,592102,2445,,,,,2573,,
Trivino, Lou,642152,2149,2172,2495,,1647,2581,,
Cishek, Steve,518553,2395,2348,,2387,2078,,,
Steckenrider, Drew,608716,2355,2231,,2072,1661,1877,,
Peacock, Brad,502748,2313,2262,,2685,1746,2621,,
Davis, Wade,451584,2419,2388,2697,,1792,2551,,
Clippard, Tyler,461325,2261,,,,2060,1790,1697,
Jimenez, Joe,641729,2552,,,2415,1832,,,
Parker, Blake,453284,2132,,2309,,,2227,1034,
Iglesias, Raisel,628452,2324,2353,,2491,1841,,,
Davies, Zach,605200,,2208,2323,2529,1776,2677,,
Tomlin, Josh,458708,2202,2153,2591,,1681,2758,,
Soria, Joakim,465657,2260,2151,,2757,1269,2689,,
Hughes, Jared,453172,2123,1822,,2166,2032,,,
Rodriguez, Richard,593144,2375,,,2151,1711,,,
Romo, Sergio,489265,2270,2171,,2854,2042,,,
Knebel, Corey,608349,2478,,,,,2631,,
Stammen, Craig,489334,2219,2060,2406,2291,,2327,,
Guerrero, Tayron,594027,2148,2107,,2010,1445,,,
Hildenberger, Trevor,657610,2063,1959,,2288,1549,,,
Faria, Jake,607188,2095,,,1919,,2093,1088,
Fister, Doug,450729,1947,1904,2065,,1743,2035,,
Hernandez, Elieser,622694,2203,,,2045,1644,,,
Hirano, Yoshihisa,673633,2214,,,881,,,1172,
Moronta, Reyes,606625,2473,2309,,2548,2170,,,
Floro, Dylan,571670,2233,2185,,2139,1992,,,
Baez, Pedro,520980,2289,2156,,1742,1878,,,
Skoglund, Eric,607215,2233,2100,,,1422,2340,,
Colome, Alex,517008,2106,,2142,,2192,,,
Stanek, Ryne,592773,2371,,,2306,,,1045,
Minter, A.J.,621345,2363,,2583,,1748,,,
Greene, Shane,572888,2383,2215,2585,2591,,,,
Jennings, Dan,543359,2233,2213,,2452,1681,,,
Holder, Jonathan,656547,2327,,2495,2689,1838,2858,,
McFarland, T.J.,519008,,1986,,2326,1739,,,
Ziegler, Brad,446899,1934,1876,,,1955,2113,,
Claudio, Alex,592222,,1984,,2217,2198,,,
Sewald, Paul,623149,2297,2106,,2183,1484,,,
Anderson, Justin,605121,2289,,,2378,,1762,,
Crick, Kyle,605195,2289,2160,,3196,1843,,,
Tepera, Ryan,572193,2286,2268,2490,2442,1737,,,
Pagan, Emilio,641941,2489,2420,,2431,1698,2313,,
Wilson, Justin,458677,2360,,2436,2460,,,,
Alvarado, Jose,621237,1996,2078,2241,,,2473,,
Bedrosian, Cam,592135,2342,,,2653,,,,
Oswalt, Corey,621261,2096,1967,,,1523,1869,,
Winkler, Dan,595465,2522,2430,2562,,2108,2595,,
Alvarez, Jose,501625,2314,2241,2325,2313,1938,2303,,
Garcia, Jarlin,606424,2068,,,2195,2195,,,
Pruitt, Austin,643493,2285,2207,,2591,1802,2891,,
Johnson, Jim,462382,2206,2172,,,1685,2182,,
Shaw, Bryan,543766,2257,,2442,2793,1680,,,
Biddle, Jesse,592145,2502,2473,,2442,,2631,,
Barraclough, Kyle,607457,2426,,,2394,1422,,,
Diekman, Jake,518617,,2141,,2743,,,,
Yates, Kirby,489446,2323,,,2136,,,1369,
McCarthy, Kevin,641838,2049,2054,,2170,1781,2029,,
Shreve, Chasen,592741,2448,,,2300,,,1246,
Magill, Matt,543483,2215,2232,,2362,1735,2530,,
De La Rosa, Jorge,407822,2092,,2046,,,2650,1429,
Alexander, Scott,518397,2246,2223,,2305,1719,,,
Rondon, Hector,444468,2049,2032,,2351,1918,,,
Garrett, Amir,607237,2077,2042,,1748,1780,,,
Strahm, Matt,621381,2399,,,2610,2154,2788,,
Montas, Frankie,593423,2424,2328,,2490,1843,,,
Warren, Adam,476589,2195,2128,,2273,1835,2166,,
Dyson, Sam,473879,2358,2240,2587,3112,1943,,,
Cimber, Adam,643256,2173,2185,,2176,,,,
Kintzler, Brandon,445213,1976,1980,,2209,2211,,,
Boxberger, Brad,502202,2266,,,2292,1285,,,
Hernandez, David,456696,2352,2186,,2315,1972,2165,,
Oberg, Scott,623184,2247,2207,,2578,1916,,,
Robles, Hansel,570663,2447,2351,,2452,1718,,,
Norris, Bud,502032,2450,2423,2577,2715,2024,,,
Chapman, Aroldis,547973,2496,2546,,2474,2080,,,
Romero, Fernando,622864,1985,1934,,2431,1646,,,
Watson, Tony,453265,,2302,,2331,2384,,,
Hunter, Tommy,488984,2411,2419,2434,,,2750,,
Scott, Tanner,656945,2420,,,2663,,,,
Lopez, Pablo,641154,2028,2003,,,1951,2347,,
Madson, Ryan,425492,2253,2076,2215,,1943,2280,,
Carle, Shane,641438,2200,2294,,2218,1552,2466,,
Gearrin, Cory,518715,,2282,,2839,2163,,,
Edwards Jr., Carl,605218,2660,1682,,,1741,2405,,
Rogers, Taylor,573124,2124,2059,,2445,1881,2795,,
Arano, Victor,644364,2340,2251,,2482,2060,,,
Fedde, Erick,607200,1824,1789,2078,2309,,2309,1383,
Wilson, Alex,543935,2294,2074,,2414,1598,2400,,
Williams, Taylor,592865,2329,2298,,2565,1832,,,
Feliz, Michael,593140,2282,2234,,2242,1572,,,
Leclerc, Jose,600917,2594,2327,,2626,2050,2645,,
Dominguez, Seranthony,622554,2338,2363,,2449,1747,,,
Santana, Edgar,650828,2347,2299,,2324,1888,,,
Rusin, Chris,543734,2289,2271,2361,2668,1884,2744,,
Woodruff, Brandon,605540,2145,2076,,2245,1667,2267,,
Rodriguez, Jefry,622446,2375,2241,,,1707,2485,,
Axford, John,446099,2083,2030,,2272,,2072,,
Duke, Zach,435043,2083,1912,,2367,1447,2235,,
VerHagen, Drew,572403,2367,2252,,2281,2297,2409,,
Otero, Dan,519096,2137,2012,,1971,1337,,,
Minaya, Juan,573668,2386,,,2261,1676,2268,,
Mayers, Mike,594577,2351,,,2186,1472,2569,,
Harris, Will,501789,2521,,2523,,,2720,,
Castillo, Diego,650895,2086,2111,2309,,,,,
Fry, Jace,605240,2438,2408,2647,,1552,2383,,
Reed, Addison,592665,2166,2141,,2136,,,,
Freeman, Sam,518693,2127,2035,,,,2608,1311,
Miller, Justin,502522,2448,2247,,2637,2013,,,
Strop, Pedro,467008,2355,2305,2257,2364,,,1377,
Lopez, Jorge,605347,1992,1998,,2227,1612,2374,,
Ferguson, Caleb,657571,2291,2065,,2392,1763,2830,,
Beeks, Jalen,656222,2017,2027,2136,,1960,2670,,
Chafin, Andrew,605177,2153,2122,,2313,1777,,,
Jurado, Ariel,642558,2034,1702,,2123,1699,2274,,
Cole, A.J.,595918,2236,2059,,2257,1913,2288,,
Peralta, Wandy,593974,2061,2127,,2218,2132,,,
Kela, Keone,605309,2268,2130,,,1610,2364,,
Bradford, Chasen,607473,2291,2233,,2549,2152,,,
McGee, Jake,459429,2232,,,2133,,,,
Ohtani, Shohei,660271,2164,,,2319,,2360,1305,
Morgan, Adam,605388,2418,2460,,2851,1747,2983,,
Grace, Matt,594840,,1810,,1961,1567,,,
Font, Wilmer,521655,2262,2183,,2259,,2445,1235,
Butler, Eddie,572750,2072,1991,2239,,1747,2498,,
Barnes, Jacob,606930,2397,,2321,2204,,,,
Coleman, Louis,488786,2293,2142,,2341,2070,2305,,
Brebbia, John,605154,2389,2158,,2621,2167,,,
Maton, Phil,664208,2562,,2803,,,2746,,
Volstad, Chris,458690,2182,2171,,2284,1912,2339,,
Elias, Roenis,606273,2435,2431,,,2050,2496,,
Vincent, Nick,543883,2345,2170,2425,2682,1787,,,
Perdomo, Luis,606131,1929,1919,,2247,,,1613,
Wright, Steven,453214,1968,1828,,,,1799,,1441
Avilan, Luis,501593,2168,2132,,,2182,2269,,
Norris, Daniel,596057,2389,2379,,2504,1588,2441,,
Johnson, Pierce,572955,2300,,2599,,,2971,,
Holland, Greg,518813,2260,,,2099,1590,2376,,
Smith, Will,519293,2162,1913,,2351,,2019,,
Bassitt, Chris,605135,2201,2124,2247,,1955,2277,,
Pazos, James,572021,,1993,,2029,,,,
Samardzija, Jeff,502188,2513,2471,2529,2427,,2343,1691,
Neris, Hector,593576,2463,2328,,1952,,,1342,
Cueto, Johnny,456501,2232,2138,,2285,1484,2464,,
Strickland, Hunter,519326,2392,2246,,2657,1646,,,
Barnes, Danny,592130,2243,2222,,2404,1368,,,
Petricka, Jake,502593,2076,2104,,2077,1944,,,
Drake, Oliver,543118,2143,,,,,2435,1221,
Suero, Wander,593833,2205,,2464,,2091,2671,,
Blevins, Jerry,460283,2155,,,,1864,2406,,
Bibens-Dirkx, Austin,502212,2116,1992,,2241,1715,2591,,
Devenski, Chris,606965,2337,,,2352,1573,,,
Conley, Adam,543045,2261,,,2164,2041,,,
McAllister, Zach,502083,2277,2328,,,1486,2294,,
Roe, Chaz,475054,2461,2308,,2843,,,,
Hill, Tim,657612,2258,2092,,2284,,,,
Nicasio, Juan,504379,2093,2062,,1990,1951,,,
Despaigne, Odrisamer,628333,2157,2148,2587,2783,1490,2765,,
Giles, Ken,571704,2373,2315,,2245,,,,
Garcia, Luis,472610,2124,2107,,2400,,,1032,
Ramirez, Erasmo,541640,2322,2288,2454,2513,1739,2453,,
Hutchison, Drew,571800,2167,2210,,2655,1709,,,
Ramirez, Neil,519166,2431,2447,,2279,,,,
Ramos, Edubray,591693,2473,2292,,2580,1907,,,
Kelley, Shawn,518875,2292,,,2369,,,,
Rosario, Randy,600968,1965,1903,2253,,1709,2055,,
Darvish, Yu,506433,2543,2351,2660,2714,1665,2638,,
Solis, Sammy,519301,,2245,,,1481,2541,,
Musgrave, Harrison,643466,2497,2426,,2443,1588,2382,,
Wainwright, Adam,425794,2167,2151,2326,,1805,2707,,
Britton, Zack,502154,2167,2034,,2599,,,,
Triggs, Andrew,592811,2508,2414,,2593,1842,2647,,
Reed, Cody,642003,2021,1999,,2289,1563,,,
Duensing, Brian,488846,2062,1977,,2511,1860,2514,,
McGuire, Deck,592547,2380,2212,,2541,2290,2634,,
Hudson, Daniel,543339,2439,2379,,2569,2315,,,
Loup, Aaron,571901,,2232,2505,,1971,2672,,
Jackson, Luke,592426,2143,,2210,2295,,2401,,
Cessa, Luis,570666,2325,2302,,2470,1652,2500,,
Martin, Chris,455119,2274,2073,2221,2289,1374,2156,,
Workman, Brandon,519443,2005,,2132,,,2596,,
Stumpf, Daniel,621385,2374,2347,,2248,1661,,,
Wood, Hunter,621056,2470,,,2496,1679,2260,,
Herrera, Kelvin,516969,2209,2164,,2692,1748,,,
Pannone, Thomas,623381,2142,,,,1821,2292,,
Smith, Joe,501925,2145,1960,,2340,1695,,,
Burnes, Corbin,669203,2573,2599,2715,2695,,2795,,
Buchter, Ryan,488748,2298,,2258,,,2110,,
Vizcaino, Arodys,527055,2401,2402,,2464,2056,,,
Stephens, Jackson,623451,2148,2031,,2424,1796,3146,,
Yacabonis, Jimmy,642231,2315,2223,,2546,1648,,,
Albers, Matt,458006,2127,2008,,2335,1430,,,
Sparkman, Glenn,642098,2258,,,2288,2083,2448,,
Maurer, Brandon,543506,2330,2149,,2703,1889,,,
Salas, Fernando,477569,2196,,,,1793,2168,,
Sipp, Tony,448609,2142,2055,,2015,,,984,
Fulmer, Carson,608334,2335,2418,2477,,1513,2543,,
Nix, Jacob,656798,2231,,,2319,2340,2079,,
Lewicki, Artie,592499,2094,,,2237,1514,2263,,
Melancon, Mark,453343,2429,,2439,,,2739,1800,
Hatcher, Chris,501822,2403,2284,2477,2317,,,1674,
Goeddel, Erik,592340,2269,2243,,,1148,2265,,
Brasier, Ryan,518489,2345,2307,,2459,1552,,,
Fry, Paul,643316,2313,,,2631,,,,
Kittredge, Andrew,552640,2166,,,2576,1218,,,
Reid-Foley, Sean,656887,2167,2075,,2109,1531,2070,,
Tuivailala, Sam,592815,2334,2240,,2032,,2399,,
Valdez, Framber,664285,2270,2147,,,,2929,,
Castillo, Jose,620454,2230,,,2602,2064,,,
Stewart, Kohl,640464,2047,2009,,2459,1821,2706,,
Moya, Gabriel,622382,2098,2030,,2091,1365,1818,,
Osuna, Roberto,532077,2403,2369,2404,2413,1914,,,
Graveman, Kendall,608665,2464,2329,2569,2742,1818,,,
Rios, Yacksel,605441,2037,2040,,2050,,,,
Saupold, Warwick,599683,2107,,,2214,2095,2598,,
Doolittle, Sean,448281,2210,,,2400,,,2114,
Cedeno, Xavier,458584,2238,,2371,,,2860,,
Davis, Austin,656354,2219,,,2268,1913,,,
Rondon, Bruce,541652,2199,2216,,2271,1948,,,
Bummer, Aaron,607481,2105,1974,2189,2065,1407,,,
Mayza, Tim,641835,2100,2062,,2080,,,,
Stock, Robert,476594,2195,2213,,2659,1667,,,
Wisler, Matt,605538,1960,2040,,2401,2246,2602,,
Fried, Max,608331,2047,1916,2063,,1478,2847,,
Brice, Austin,592169,2232,1954,,2507,1452,2585,,
Peralta, Wily,503449,1865,1834,,2236,1515,2234,,
Wittgren, Nick,621295,2125,2121,,2406,1784,,,
Farrell, Luke,608652,2391,,,2424,1610,2590,,
Guerra, Javy,457915,2123,,,2055,1705,2391,,
Schultz, Jaime,621289,2403,,,2368,,2436,,
Ponce de Leon, Daniel,594965,2217,2292,2357,,2047,2621,,
Miller, Andrew,453192,2030,1944,,2556,,,,
Belisle, Matt,279571,2044,1997,,2092,1364,2501,,
Adam, Jason,592094,2580,,,,1872,2516,,
Cole, Taylor,518566,2297,,,2371,1978,,,
Cecil, Brett,446399,2089,2027,2204,,1381,2352,,
Alcantara, Sandy,645261,2276,2263,,2350,1783,2381,,
Bashlor, Tyler,641341,2651,,,2499,1700,,,
Beck, Chris,571476,2099,1870,,2419,1686,,,
Venters, Jonny,458924,2218,2130,,2160,1833,2007,,
Hughes, Phil,461833,2076,2045,2084,,1933,2385,,
Rucinski, Drew,607968,2014,1961,2019,1076,1117,2202,,
Springs, Jeffrey,605488,,2153,,2129,1441,1980,,
Fields, Josh,451661,2217,,,,1617,2061,,
Lively, Ben,594902,2041,1997,,1957,1807,2057,,
Toussaint, Touki,657053,2171,2120,,,,2447,1370,
Graves, Brett,605255,2135,1930,,2215,,2658,,
Araujo, Pedro,606478,2380,2198,,2173,1853,,,
Tillman, Chris,501957,2190,2176,,2366,1712,2055,,
Jones, Nate,518858,,2441,,2279,2047,,,
Moylan, Peter,493247,,2052,,2396,1833,,2372,
Rhame, Jacob,642008,2531,2566,,2468,,2899,2259,
Gonsalves, Stephen,624427,2182,,,2144,1643,2339,,
Neverauskas, Dovydas,596720,2225,2182,2358,,1854,2915,,
Chargois, JT,608638,2434,2314,,2368,1471,,,
Kolarek, Adam,592473,2251,2149,,1953,2216,1875,,
Kennedy, Brett,664028,2083,,,2179,1681,,,
Nuno III, Vidal,573064,2337,,,2496,1608,2585,,
Shoemaker, Matt,533167,2213,2071,,2094,,2134,1206,
Casilla, Santiago,433586,2345,2372,,2400,2145,2403,,
Loaisiga, Jonathan,642528,2341,,,,1720,2648,,
Holmes, Clay,605280,2167,2057,2325,2368,1427,2537,,
Peters, Dillon,596071,2313,2154,,,1550,2861,,
Mendez, Yohander,622795,2064,2067,,2116,1719,2039,,
Bracho, Silvino,611093,2344,2367,,2349,2012,,,
Morrow, Brandon,453344,2413,,2367,2383,,,,
Swarzak, Anthony,461872,2295,2353,,2432,,,,
Kahnle, Tommy,592454,2223,,,2280,1391,2143,,
Busenitz, Alan,641427,2488,2471,,,1977,2778,,
Hendriks, Liam,521230,2306,2156,,2037,1888,1726,,
Leiter Jr., Mark,643410,1944,1904,2146,,1124,2293,,
Perez, Oliver,424144,2156,2150,,2308,,,,
Makita, Kazuhisa,628318,2021,1919,,2021,1508,1752,,
Gilmartin, Sean,543219,1998,1925,,2502,1423,2355,,
Montgomery, Jordan,656756,2196,2127,,2346,1781,2361,,
Bleier, Richard,542947,1931,1882,1902,1942,1633,,,
Kontos, George,502004,2321,2124,2368,2499,2108,2601,,
Olson, Tyler,621397,2275,2234,,,1630,2722,,
Gomez, Jeanmar,491646,2145,2052,,2160,1784,2350,,
May, Trevor,543507,2303,2334,,2348,1956,2470,,
Blackburn, Paul,621112,2216,2138,,2454,1728,2600,,
Alcantara, Victor,622505,2098,2066,,2102,1744,,,
Bowman, Matt,621199,2117,2011,,2298,,2677,1182,
Gonzalez, Merandy,642571,2230,,2252,,1680,2646,,
Smith, Drew,622098,2336,2334,,,1797,2713,,
Boyer, Blaine,430641,2317,2303,,2491,1595,2464,,
Hudson, Dakota,641712,2160,2191,,2467,,2426,,
Thornburg, Tyler,592804,2453,,,,1515,2677,,
Santana, Ervin,429722,2092,2044,,2248,1589,,,
Littell, Zack,641793,2035,1939,2036,,1815,1939,,
James, Josh,657624,2371,,,2453,1990,2481,,
Carpenter, Ryan,543001,2197,2114,,2609,1894,2818,,
Milone, Tommy,543548,2177,,,2263,1580,2491,,
Tazawa, Junichi,547749,2253,,,2669,,2571,,
Bush, Matt,456713,2509,2314,2662,,,2535,,
Duffey, Tyler,608648,2271,2422,,,1824,2513,,
Dull, Ryan,623430,2369,,,2539,1309,,,
Barnette, Tony,501817,2523,2392,2587,,,2546,1748,
Soroka, Mike,647336,2454,2278,,2777,2315,,,
Peterson, Tim,623402,2240,,,2254,1312,,,
Black, Ray,605143,2640,,,3091,,3154,,
Lawrence, Casey,596271,2229,2083,,2339,1765,,,
Reininger, Zac,643617,2327,2264,,2376,,2610,,
Coulombe, Danny,543056,2309,2176,,2383,,2571,,
Gossett, Daniel,605254,2364,2366,,2414,1678,2403,,
Leone, Dominic,608678,2273,2235,2552,2490,,,,
Finnegan, Brandon,605232,2194,2132,,2600,1463,,,
Hart, Donnie,643354,,1953,,2572,2033,,,
Santos, Luis,608601,2498,2351,,,1919,2488,,
Poyner, Bobby,596074,2231,,,2294,2315,2318,,
Cingrani, Tony,571561,2263,,,2284,1313,,,
Carroll, Cody,606944,2314,,,2700,,,1206,
Collins, Tim,525768,2246,,,2337,1893,2769,,
Neshek, Pat,450212,,2064,,2169,1003,,,
Meyer, Ben,656738,,2223,,,2030,2057,,
Meisinger, Ryan,664682,2129,,,2432,1510,,,
Garcia, Yimi,554340,2570,2552,,2651,1708,2766,,
Altavilla, Dan,656186,2367,,,2786,,,,
Ramos, AJ,573109,2425,2223,2468,2733,1549,2661,,
Mejia, Adalberto,606167,2526,2394,,2474,1948,,,
Webb, Tyler,643778,2183,2171,,2045,1697,,,
Kelly, Casey,543391,2229,2092,,2180,1546,2189,,
Cuevas, William,571035,2506,2480,,2419,2144,2424,,
Diaz, Miguel,622766,2285,2214,,2444,1710,,,
Sampson, Adrian,592716,,1983,,2291,2016,2554,,
Dunn, Mike,445197,2268,2247,,2420,,2324,,
Cloyd, Tyler,543031,2393,2249,2418,,1706,2312,,
De Los Santos, Enyel,660853,2145,,,2302,1937,2112,,
O'Day, Darren,503285,2375,2184,,2221,,,,
Cordero, Jimmy,622772,2160,2147,2149,2327,1748,,,
Miller, Shelby,571946,2310,2371,2204,,1907,2310,,
Paredes, Eduardo,622161,2261,,,2392,1574,,,
Wingenter, Trey,622259,2168,,,2256,1977,,,
Stewart, Brock,592779,2321,2340,,2178,1666,,,
Vieira, Thyago,600986,2159,2290,,2285,1813,,,
Curtis, Zac,657205,2304,1450,,2380,1439,,,
Brigham, Jeff,656257,2296,,,,1902,2739,,
Sims, Lucas,608371,2395,2212,,2473,1676,2826,,
Cook, Ryan,475857,2136,2071,,2948,1505,,,
Middleton, Keynan,641871,2430,,,2393,2080,,,
Jepsen, Kevin,448178,2420,,,,1912,2347,,
Gohara, Luiz,627894,2089,2032,,2456,1973,,,
Gott, Trevor,641627,2201,2090,,,1216,2103,,
Buttrey, Ty,621142,2244,,,1801,1835,,,
Grimm, Justin,518748,2132,1983,,2386,,2153,,
Pounders, Brooks,572044,2218,,,2457,1262,,,
Mills, Alec,621219,2232,2191,,2610,1631,2590,,
Rumbelow, Nick,592705,1970,,,2096,1318,,,
Lockett, Walker,621141,2250,1703,2099,,1597,2503,,
Jerez, Williams,605301,2196,,,2024,1189,,,
Sherfy, Jimmie,642073,2170,,,2612,1519,2281,,
Thompson, Jake,622097,2132,2029,,2519,1430,,,
Lyons, Tyler,544928,2150,2065,,2376,1633,,,
Glover, Koda,606983,2317,2239,,2423,1783,2796,,
Turnbull, Spencer,605513,2412,2217,2418,,1899,2605,,
Sobotka, Chad,656977,2401,,,2796,,,,
De Jong, Chase,608328,2217,,,2241,1710,2256,,
Baez, Sandy,622783,2269,,,2293,1345,2229,,
Smith, Carson,605476,2154,2217,,2788,1633,,,
Gonzalez, Miguel,456068,2404,2252,,2540,,2666,1365,
Kopech, Michael,656629,2559,,,2310,1768,2254,,
Law, Derek,571882,2152,,,2237,1950,2063,,
Newberry, Jake,623470,2358,,,2457,1537,,,
Morris, Akeel,592570,2204,,,1932,1444,,,
Almonte, Yency,622075,2228,,,2323,1733,,,
Ross, Joe,605452,2103,2092,,1860,1637,,,
Lucas, Josh,572998,2190,2132,,2558,,2344,,
Stephenson, Robert,596112,2312,,,2596,1387,2655,,
Oaks, Trevor,656805,2199,1930,2210,2115,1767,,,
Bass, Anthony,542914,1913,1973,,2197,,,1176,
Wendelken, J.B.,605525,2460,,,,1638,2538,,
Barlow, Scott,605130,2334,,,2506,1767,2480,,
Osich, Josh,592612,2300,,2197,2297,1741,,,
Norwood, James,656803,2206,2146,,1883,1193,,,
Houser, Adrian,605288,2196,2141,,,1569,1928,,
Hale, David,571735,2287,2271,,2187,1651,2219,,
Suarez, Ranger,624133,2043,1923,,2116,1520,2112,,
Walker, Taijuan,592836,2192,2216,2378,,,2396,1829,
Logan, Boone,457429,2332,2229,,2497,,,,
Anderson, Drew,623454,2305,2105,,2402,1893,2737,,
Perez, Cionel,672335,2203,,,2603,2044,,,
Phillips, Evan,623465,2267,2231,,2407,1686,,,
Slegers, Aaron,642083,2001,1932,,2002,1691,,,
Voth, Austin,608723,2260,,,,2159,2801,,
Walden, Marcus,519393,2238,2102,2280,2295,,,,
Rzepczynski, Marc,519240,,2058,,2373,1678,,,
Bard, Luke,572703,2770,2870,,2984,2115,,,
Rogers, Josh,642028,2099,,,2041,1423,2069,,
Gagnon, Drew,543193,1921,,,2280,1891,2547,,
Kinley, Tyler,641755,2248,2205,2657,2520,1778,,,
Romero, Enny,544836,2263,,,2285,,2327,,
Gregerson, Luke,502381,2348,2320,,2589,2021,,,
Hancock, Justin,606995,2452,,,2484,1948,,,
Armstrong, Shawn,542888,2627,2575,2649,2914,,,,
Mella, Keury,622492,2093,,,2262,1582,,,
Lamb, John,543424,2123,2133,2224,,1606,2266,,
Delgado, Randall,517414,2287,2252,,1981,1951,2171,,
Rosscup, Zac,573127,1999,2014,,2428,,,,
Bergman, Christian,548357,,2062,,2041,1922,2220,,
Hall, Matt,664180,2277,,,,1694,2851,,
Brewer, Colten,605155,2504,,2567,2978,2462,2815,,
Guilmet, Preston,543258,2098,2102,,1601,,,1005,
Hu, Chih-Wei,629496,2375,2256,,2191,1643,2147,,
Wood, Blake,502028,2311,2187,,2392,,,1596,
Banda, Anthony,607455,2153,,,,1827,1849,,
Rainey, Tanner,663432,2428,,,2593,1805,,,
Goody, Nick,580792,2197,,,2357,,,,
Tarpley, Stephen,605501,2172,2124,,2214,2068,2517,,
Gallegos, Giovanny,606149,2400,,,2120,1821,,,
Liberatore, Adam,571893,2175,,,2086,1264,,,
Hoffman, Jeff,656546,2382,,,2364,2110,2772,,
Gomez, Roberto,596816,2164,2157,,2231,1841,2589,,
Williams, Austen,657117,2185,,,2089,1564,,,
Crockett, Kyle,641490,1890,,,1700,1257,,,
Guerrieri, Taylor,605260,2175,2071,2164,,1949,2697,,
Quackenbush, Kevin,534812,2025,,,1975,,1861,,
Fernandez, Jose Manuel,622774,2249,,,2228,,2168,,
Anderson, Tanner,664196,2217,2249,,2425,1772,,,
Beede, Tyler,595881,2229,2281,,2128,1360,2281,,
Sadzeck, Connor,592712,2356,2329,,2344,,2721,,
Wilkerson, Aaron,658792,2256,,,2176,1657,2330,,
Scott, Robby,582494,2185,2147,,2366,1684,2304,,
Smoker, Josh,519294,2172,2200,,2090,,,1565,
Turner, Jacob,545363,2074,2057,,2003,2040,2033,,
Shackelford, Kevin,594992,2543,2393,,2674,,,,
Allard, Kolby,663465,1979,,,,1508,1594,,
Festa, Matt,670036,2196,2196,,2283,,2414,,
Zamora, Daniel,623354,2217,,,2644,,,,
Ramirez, Carlos,570702,2235,2148,,2250,,,,
Burr, Ryan,621114,2051,,2018,2259,1454,,,
Pelham, CD,641962,2131,2111,,2247,1642,2235,,
Ramirez, Jose,542432,2300,,,2395,2253,,,
Adams, Chance,664856,2326,,,2711,,2724,,
Marshall, Evan,605359,2387,2279,,2735,1649,,,
Marinez, Jhan,501697,2062,2002,,2287,1991,,,
Flexen, Chris,623167,2123,1962,,2449,1349,2755,,
Urias, Julio,628711,2440,2422,,2469,1804,2615,,
Milner, Hoby,571948,,2025,,,1670,1923,,
Torres, Carlos,448614,2337,,2359,,,2443,,
Infante, Gregory,500872,2099,,,2625,1434,2587,,
Shafer, Justin,596101,2354,2319,,2469,1372,,,
Mann, Brandon,448167,,2194,,2873,1785,,,
Maples, Dillon,596027,2811,,,3073,,3200,,
Hauschild, Mike,623434,,2115,,2017,1665,,,
Edwards, Jon,457754,2479,,,2670,,2635,,
O'Grady, Chris,622217,2021,,2240,,1434,2349,,
Danish, Tyler,641501,1740,1647,,1989,1492,2272,,
Wilson, Bryse,669060,2196,,,2325,1728,,,
Conlon, P.J.,664869,2073,2024,,2229,1599,2522,,
McRae, Alex,656725,2208,2167,,2263,1482,2365,,
Almonte, Miguel,602083,2288,2227,,2438,2072,2679,,
Wick, Rowan,592858,2340,,,2325,,2298,,
Barbato, Johnny,592127,2049,2090,,2255,1261,2607,,
McGowin, Kyle,641851,,2406,,2830,2175,,,
Frare, Caleb,621350,2380,,,2304,,,,
Haley, Justin,595234,2049,1982,,2407,1375,2342,,
Wright, Kyle,657140,2432,2126,,2585,1769,2616,,
Lopez, Yoan,661255,2205,,,2455,861,,,
Ramirez, JC,500724,1986,1974,,2155,,2304,,
Paulino, David,600944,2012,,,2485,1711,3051,,
Paredes, Edward,487675,2180,2122,,2234,1468,,,
Barrett, Jake,545332,2165,,,2108,,,,
Mazzoni, Cory,543508,2189,,,2581,1457,,,
Bell, Chad,518445,2267,2191,2279,2316,1545,,,
Johnson, DJ,597113,2333,,2356,,,2585,,
Baumann, Buddy,571473,2321,2275,,2457,,,,
Venditte, Pat,519381,,2597,,2767,2621,,,
Beliveau, Jeff,542924,2366,,2334,,1970,2583,,
Hamilton, Ian,641656,2277,2097,,1619,1479,,,
Farquhar, Danny,543144,2336,,,,1912,2608,,
Curtiss, John,595928,2275,,,2615,,,,
Bridwell, Parker,592170,2345,2318,2454,,1649,2929,,
Wahl, Bobby,592833,2222,,2128,2264,1476,,,
Zastryzny, Rob,642239,2299,,2391,,,2154,,
Snelten, D.J.,592769,1707,,,1703,1921,,,
Cortes Jr., Nestor,641482,2204,,,2425,1531,2349,,
Venditte, Pat,519381,,2443,,3158,1545,,,
Sherriff, Ryan,595411,2060,2054,,2409,,,,
Medlen, Kris,450665,2362,2264,,2466,1729,2821,,
Vasquez, Andrew,607755,1911,1858,,,1662,2449,,